"last_name, first_name","player_id","year","player_age","ab","pa","hit","single","double","triple","home_run","strikeout","walk","k_percent","bb_percent","batting_avg","slg_percent","on_base_percent","on_base_plus_slg","b_rbi","b_ab_scoring","b_gnd_into_dp","b_intent_walk","b_sac_bunt","b_sac_fly","r_run","b_walkoff","xba","xslg","woba","xwoba","xobp","xiso","avg_swing_speed","fast_swing_rate","blasts_contact","blasts_swing","squared_up_contact","squared_up_swing","exit_velocity_avg","launch_angle_avg","barrel","barrel_batted_rate","hard_hit_percent","avg_best_speed","avg_hyper_speed","whiff_percent","swing_percent"
"Langeliers, Shea",669127,2025,27,481,523,133,70,32,0,31,103,36,19.7,6.9,".277",".536",".325","0.861","72","112","10","1","0","5","73","1",".251",".463",".364",".328",".304",".212","73.8",39.6,18.8,14.2,32.4,24.5,"90.9","16.4",43,11.3,44.9,"102.509663298","95.562115",25.1,52.4
"Barger, Addison",680718,2025,25,460,502,112,58,32,1,21,121,36,24.1,7.2,".243",".454",".301","0.755","74","122","8","4","0","2","61","2",".255",".462",".322",".331",".313",".207","75.9",62.7,20.6,15.4,30.6,22.9,"91.7","11.9",39,11.4,51,"103.716706784","96.416377947",26.1,49.2
"Heim, Jonah",641680,2025,30,395,433,84,59,14,0,11,88,32,20.3,7.4,".213",".332",".271","0.603","43","96","10","0","1","4","38","1",".219",".346",".266",".276",".279",".127","69",4.9,11.5,8.9,34.9,27,"88.1","14.5",19,6.1,35.9,"98.278415548","93.298205016",24.2,49.7
"Rice, Ben",700250,2025,26,467,530,119,61,28,4,26,100,50,18.9,9.4,".255",".499",".337","0.836","65","99","18","0","0","2","74","0",".280",".553",".358",".391",".362",".273","73.4",34.5,24,19.4,38.6,31.2,"93.3","14.2",57,15.4,56.1,"104.138238152","97.178139076",21.2,43.3
"Pagés, Pedro",686780,2025,26,361,389,83,57,15,0,11,107,19,27.5,4.9,".230",".363",".272","0.635","45","100","9","1","3","3","38","0",".208",".340",".276",".259",".253",".132","72.6",27.3,12.5,9.2,26.3,19.3,"88","12.4",19,7.4,36.5,"99.396807402","93.764663583",27.7,51.7
"Díaz, Yandy",650490,2025,33,583,651,175,120,29,1,25,92,57,14.1,8.8,".300",".482",".366","0.848","83","137","12","4","0","5","79","0",".285",".459",".364",".353",".355",".174","73.6",35.3,23.8,19.7,36.4,30.1,"93","5",41,8.3,52.5,"104.837007886","97.11235376",17.9,44.4
"Peña, Jeremy",665161,2025,27,493,543,150,101,30,2,17,93,35,17.1,6.4,".304",".477",".363","0.840","62","84","9","2","1","2","68","0",".270",".432",".363",".334",".333",".162","72.3",15.7,19.9,14.8,40.6,30.2,"88.9","8.9",33,8.2,42.9,"100.3500578","94.382263083",27.1,51
"McLain, Matt",680574,2025,25,510,577,112,79,18,0,15,167,55,28.9,9.5,".220",".343",".300","0.643","50","111","8","0","3","4","73","0",".212",".361",".286",".290",".294",".149","69.7",5.2,12.3,9,32.6,23.8,"88.8","16.3",27,7.8,40.7,"99.170988588","93.766255706",28.5,43.2
"Bleday, JJ",668709,2025,27,307,344,65,34,17,0,14,91,36,26.5,10.5,".212",".404",".294","0.698","39","70","6","2","0","1","48","0",".197",".345",".302",".276",".281",".148","71.7",14.8,13.4,9.6,34.3,24.6,"88.7","20.5",17,7.8,38.7,"99.544634679","93.986993226",29.8,44.7
"Yelich, Christian",592885,2025,33,573,644,151,101,21,0,29,167,64,25.9,9.9,".264",".452",".343","0.795","103","158","6","6","0","1","88","1",".245",".439",".343",".330",".327",".194","73.4",35.6,18.3,13.2,32.4,23.3,"90.2","1.9",42,10.3,46.4,"102.370284187","95.465991975",29.2,45.7
"Báez, Javier",595879,2025,32,417,437,107,75,17,3,12,109,10,24.9,2.3,".257",".398",".282","0.680","57","106","8","0","0","3","55","1",".230",".358",".293",".270",".259",".129","73.5",34.4,16.3,11.7,30.2,21.7,"88.2","11.4",17,5.5,39.9,"99.167878141","93.685508232",30.7,55.1
"Young, Cole",702284,2025,21,223,257,47,35,7,1,4,47,28,18.3,10.9,".211",".305",".302","0.607","24","65","4","1","2","2","24","2",".224",".355",".274",".297",".314",".131","71.4",21.6,11.5,8.6,33.1,24.9,"87.6","17.2",10,5.6,31.1,"97.99473618","93.043937232",24.6,44.5
"Ward, Taylor",621493,2025,31,579,663,132,63,31,2,36,175,75,26.4,11.3,".228",".475",".317","0.792","103","142","13","1","0","6","86","1",".231",".450",".339",".333",".320",".219","69.5",7.2,14.7,11.3,37.4,28.9,"90.1","18",56,13.7,42.7,"100.944753902","94.843614171",23.8,37.6
"Ramírez, Agustín",682663,2025,23,537,585,124,69,33,1,21,113,36,19.3,6.2,".231",".413",".287","0.700","67","126","13","2","0","4","72","1",".259",".457",".302",".332",".315",".198","75.2",55.4,21.6,16.4,32,24.3,"90.8","8.3",47,11,47,"103.943810657","96.283585728",25.5,49.9
"Betts, Mookie",605141,2025,32,589,663,152,107,23,2,20,68,61,10.3,9.2,".258",".406",".326","0.732","82","129","15","2","0","10","95","1",".267",".422",".318",".330",".335",".156","69",8,13.4,11.7,47.1,41.3,"89.1","18",29,5.5,35.8,"98.069345714","93.262709925",15.3,41.2
"Goldschmidt, Paul",502671,2025,37,489,534,134,92,31,1,10,100,36,18.7,6.7,".274",".403",".328","0.731","45","109","8","5","0","2","76","0",".266",".450",".316",".329",".321",".184","72.6",21.9,15.7,12.8,34,27.7,"90.4","15.9",31,8,43.7,"100.708316256","94.748625913",20.5,47.8
"Sánchez, Jesús",660821,2025,27,451,497,107,68,21,4,14,110,42,22.1,8.5,".237",".395",".304","0.699","48","111","10","1","0","2","61","2",".242",".441",".304",".323",".308",".200","75.9",58.8,18.7,14,30.4,22.9,"91.3","9.3",38,11.1,43.4,"102.78171462","95.681017749",25.9,49.2
"Neto, Zach",687263,2025,24,502,554,129,73,29,1,26,149,33,26.9,6,".257",".474",".319","0.793","62","87","5","6","2","3","82","1",".251",".495",".337",".344",".315",".244","71.4",13.3,18,13.1,36.6,26.6,"91","17.5",50,14,46.6,"101.775942825","95.420716799",29.1,48.6
"Marsh, Brandon",669016,2025,27,379,425,106,68,25,2,11,110,38,25.9,8.9,".280",".443",".342","0.785","43","88","2","1","3","4","59","1",".263",".432",".339",".330",".328",".169","71.4",14,15.1,11.8,34.5,26.9,"91.1","12.6",23,8.4,46.4,"100.6056675","94.960470849",23.2,47.1
"Verdugo, Alex",657077,2025,29,197,213,47,37,10,0,0,31,14,14.6,6.6,".239",".289",".296","0.585","12","48","1","0","0","0","21","1",".266",".369",".264",".306",".322",".103","67.4",3.9,12.9,11.1,40.7,35,"89.9","9.9",5,3,42.8,"99.887519759","94.267966303",14.4,38.6
"Fermin, Freddy",666023,2025,30,319,347,80,62,13,0,5,65,19,18.7,5.5,".251",".339",".297","0.636","26","81","5","1","7","0","32","3",".233",".336",".280",".271",".280",".104","69.6",5.3,10.7,8.5,33.1,26.3,"89.1","14.2",11,4.2,34.1,"98.499082764","93.418854228",23.5,53.3
"Donovan, Brendan",680977,2025,28,460,515,132,90,32,0,10,67,42,13,8.2,".287",".422",".353","0.775","50","103","4","3","2","4","64","0",".280",".449",".337",".346",".348",".169","69.3",4.8,17.5,15.2,42.3,36.8,"89.7","12.2",35,8.8,40.9,"99.946562944","94.337995152",13.4,43.8
"Adames, Willy",642715,2025,29,591,686,133,79,22,2,30,179,80,26.1,11.7,".225",".421",".318","0.739","87","126","9","2","0","9","94","1",".224",".435",".321",".327",".319",".211","72.1",19.8,11.8,8.7,29.2,21.4,"88.9","21.1",53,12.6,42.8,"99.897786476","94.18327716",29.2,46.7
"Morel, Christopher",666624,2025,26,278,305,61,34,16,0,11,109,25,35.7,8.2,".219",".396",".289","0.685","33","63","8","0","0","0","37","0",".213",".420",".299",".304",".283",".207","76",62,16.5,10.5,29.1,18.5,"91.8","17",25,14.8,49.7,"103.283549405","96.313953036",38.9,53.8
"Judge, Aaron",592450,2025,33,541,679,179,94,30,2,53,160,124,23.6,18.3,".331",".688",".457","1.145","114","106","16","36","0","7","137","1",".300",".708",".463",".460",".434",".409","77",71.6,25.1,16.9,34.2,23.1,"95.4","19",96,24.8,58.2,"106.838113247","98.650676124",34.6,43.7
"DeJong, Paul",657557,2025,31,193,208,44,28,10,0,6,70,11,33.7,5.3,".228",".373",".269","0.642","23","48","3","0","0","3","18","0",".194",".351",".278",".259",".241",".157","72.2",16.4,11.2,7.7,26,17.9,"88.1","22.7",13,10.3,39.7,"99.616800317","93.875351032",33.2,57.2
"Rojas, Josh",668942,2025,31,189,211,34,23,9,0,2,48,19,22.7,9,".180",".259",".252","0.511","11","45","6","0","1","2","14","0",".209",".305",".232",".263",".281",".096","67.8",2.5,8,6.4,38,30.3,"89.6","13.4",5,3.5,36.8,"98.368843714","93.541469143",23.1,46.2
"Yastrzemski, Mike",573262,2025,34,477,558,111,65,28,1,17,108,72,19.4,12.9,".233",".403",".333","0.736","46","101","7","4","2","5","68","1",".237",".419",".321",".329",".338",".182","71.2",9.7,13.7,11.5,34.7,29,"90.8","20.4",32,8.5,42.6,"99.919347541","94.459655315",19,41.8
"Rengifo, Luis",650859,2025,28,501,541,119,91,16,3,9,104,33,19.2,6.1,".238",".335",".287","0.622","43","101","7","0","1","3","55","0",".260",".375",".275",".302",".309",".115","69.5",7.3,10.9,8.5,34,26.7,"87.1","6.7",20,5,32.7,"97.798023081","92.967555404",21.9,51.6
"Misner, Kameron",670224,2025,27,197,217,42,27,9,1,5,69,16,31.8,7.4,".213",".345",".273","0.618","22","51","1","0","1","2","27","1",".191",".299",".272",".247",".253",".108","73.2",32.4,8.5,5.6,25.8,17,"87.6","15",7,5.3,29.8,"98.404901875","93.313993858",34.4,47.3
"Rafaela, Ceddanne",678882,2025,24,546,587,136,82,34,4,16,117,28,19.9,4.8,".249",".414",".295","0.709","63","149","9","0","3","2","84","3",".242",".416",".307",".305",".289",".174","71",12.4,14,10.4,32.7,24.3,"88.3","12.8",40,9.2,38.7,"99.637036837","93.97214993",26.8,58.9
"Guerrero Jr., Vladimir",665489,2025,26,589,680,172,115,34,0,23,94,81,13.8,11.9,".292",".467",".381","0.848","84","140","17","8","0","4","96","0",".300",".506",".366",".384",".390",".206","76.7",67.7,25.7,20.4,37.2,29.4,"92","7.8",61,12.2,50.7,"104.847490968","96.922139153",21.5,42.2
"Julien, Edouard",666397,2025,26,182,208,40,27,10,0,3,61,22,29.3,10.6,".220",".324",".309","0.633","12","45","3","0","1","1","13","0",".242",".424",".286",".329",".329",".182","70.2",6.4,15.3,11.5,34.9,26.2,"89.2","6.1",15,12.2,42.3,"100.268172787","94.521132377",26.1,40.3
"Diaz, Yainer",673237,2025,26,542,567,139,93,25,1,20,95,20,16.8,3.5,".256",".417",".284","0.701","70","135","13","2","0","3","56","1",".268",".465",".300",".326",".297",".197","72.2",21.8,17.6,13.9,34.8,27.5,"89.9","10.2",43,9.6,42.2,"100.97744942","94.706836942",23.4,59.5
"Baty, Brett",683146,2025,25,393,432,100,67,13,2,18,108,33,25,7.6,".254",".435",".313","0.748","50","96","6","0","0","3","53","0",".252",".457",".324",".334",".313",".205","74.8",48.5,17.5,12.8,30.9,22.7,"90.7","5.8",37,12.9,46.9,"102.670454406","95.715246084",27.3,46.7
"Massey, Michael",686681,2025,27,262,277,64,52,9,0,3,43,9,15.5,3.2,".244",".313",".268","0.581","20","65","3","0","1","4","20","0",".238",".346",".254",".265",".264",".108","70.1",6.9,9.8,8.1,32.9,27.2,"87.5","22.2",9,4,33,"97.791403604","92.942590407",18.5,54
"Garver, Mitch",641598,2025,34,254,290,53,38,5,1,9,80,30,27.6,10.3,".209",".343",".297","0.640","30","75","6","1","0","3","29","0",".209",".371",".284",".298",".300",".163","71.8",15.8,16.9,11.9,38.2,27,"91.5","19.4",14,7.9,46.9,"100.635150112","94.896484576",30.7,40.8
"Westburg, Jordan",676059,2025,26,328,352,87,59,10,1,17,80,17,22.7,4.8,".265",".457",".313","0.770","41","53","5","0","0","1","59","0",".253",".460",".332",".327",".301",".207","70.7",11.7,15.8,11.4,34.5,24.9,"90.2","14.1",28,11.2,43.4,"101.28897176","94.91639",29.4,50.2
"Santander, Anthony",623993,2025,30,194,221,34,23,5,0,6,61,25,27.6,11.3,".175",".294",".271","0.565","18","52","6","1","0","1","16","0",".188",".301",".255",".265",".286",".113","72",21,13.1,10.1,27.2,21,"89.6","18.5",6,4.5,41,"100.252058507","94.331401567",24.5,48.5
"Mayo, Coby",691723,2025,23,263,294,57,34,12,0,11,84,27,28.6,9.2,".217",".388",".299","0.687","28","60","2","0","0","0","30","0",".202",".363",".303",".289",".287",".160","74.7",47.8,13.8,9.6,25.1,17.4,"87.3","20.7",18,10.1,36,"99.691533371","93.857359663",30.6,45.3
"Murphy, Sean",669221,2025,30,291,337,58,29,13,0,16,105,35,31.2,10.4,".199",".409",".300","0.709","45","64","9","1","0","3","34","0",".201",".408",".309",".314",".306",".207","72.6",30.6,14.9,10.4,26.3,18.4,"89.1","10.6",25,13.4,43.1,"102.033985426","95.22279861",32.3,47.9
"Frazier, Adam",624428,2025,33,419,459,112,85,20,0,7,81,26,17.6,5.7,".267",".365",".319","0.684","44","88","8","2","1","5","43","0",".244",".333",".300",".279",".298",".090","65.9",1.6,4.2,3.5,32.6,26.9,"85.3","14.5",7,2,20.6,"94.597659294","91.299166588",19.7,51.3
"Pederson, Joc",592626,2025,33,265,306,48,28,10,1,9,65,34,21.2,11.1,".181",".328",".285","0.613","26","70","5","0","0","1","28","1",".219",".393",".276",".315",".319",".174","73.4",33.2,17.2,13.3,32.5,25.1,"91.2","16.9",19,9.5,44.8,"101.989422727","95.472364192",25.2,44.3
"Muncy, Max",691777,2025,22,206,220,44,28,7,0,9,68,10,30.9,4.5,".214",".379",".259","0.638","23","40","1","0","0","1","17","0",".203",".353",".277",".267",".252",".150","73.1",34.2,11.8,8.2,27.2,18.9,"87.1","9.3",14,10.1,32.4,"99.591026471","93.796838162",32.6,50.2
"Dubón, Mauricio",643289,2025,30,369,398,89,61,21,0,7,42,24,10.6,6,".241",".355",".289","0.644","33","92","12","0","3","1","43","1",".247",".331",".283",".278",".294",".084","68.2",2.7,7.8,6.8,32.5,28,"84.5","13.1",4,1.2,26.3,"95.584607","91.821087031",15.8,54.2
"Edwards, Xavier",669364,2025,25,561,619,159,131,20,5,3,88,49,14.2,7.9,".283",".353",".343","0.696","43","104","6","2","3","3","75","0",".262",".332",".308",".295",".325",".069","66.9",2.4,6.7,6,35.7,31.5,"86.8","8.2",4,0.8,29.4,"96.768424561","92.424991053",12.2,49
"Canzone, Dominic",686527,2025,27,243,269,73,51,11,0,11,59,20,21.9,7.4,".300",".481",".358","0.839","32","49","6","0","0","2","30","1",".290",".533",".361",".376",".349",".243","73.1",36.7,18.1,13.7,35.1,26.5,"92.3","10.5",27,14.5,49.7,"102.981015914","96.069596505",26.4,51.6
"Andujar, Miguel",609280,2025,30,321,341,102,74,17,1,10,49,17,14.4,5,".318",".470",".352","0.822","44","81","8","1","0","2","36","0",".259",".383",".354",".298",".299",".124","71.7",18.4,12.6,10.5,32.1,26.9,"88","11",13,4.7,35.4,"98.982146397","93.528504007",17.8,53.5
"O'Hoppe, Logan",681351,2025,25,423,451,90,62,8,1,19,139,24,30.8,5.3,".213",".371",".258","0.629","43","93","12","0","1","1","35","0",".228",".425",".273",".301",".273",".197","72",20.4,17,11.7,34.1,23.4,"90.9","17.3",38,13.3,46.9,"101.727337413","95.336562491",32.9,52.2
"Clemens, Kody",665019,2025,29,348,386,74,39,12,4,19,93,29,24.1,7.5,".213",".434",".281","0.715","52","88","4","1","2","2","46","1",".243",".465",".307",".331",".309",".223","72.2",17.6,18.3,14.2,34.6,26.9,"91.5","16.7",31,12,48.3,"102.245098819","95.890658268",23.9,48.4
"Happ, Ian",664023,2025,30,569,663,138,83,32,0,23,151,87,22.8,13.1,".243",".420",".342","0.762","79","144","8","2","0","5","87","2",".256",".457",".333",".354",".356",".200","71.7",17.2,16.1,12.3,32.7,25,"90","16.1",44,10.4,44.4,"101.384139763","95.030374418",24.6,43.5
"Manzardo, Kyle",700932,2025,24,470,531,110,62,19,2,27,135,48,25.4,9,".234",".455",".313","0.768","70","127","7","2","0","5","47","3",".224",".443",".329",".322",".305",".220","70.6",8,14.2,10.4,35.7,26.1,"90.3","21.3",40,11.8,43.8,"100.114470588","94.531639086",27.7,48.4
"Altuve, Jose",514888,2025,35,588,654,156,105,24,1,26,109,55,16.7,8.4,".265",".442",".329","0.771","77","148","20","5","1","6","80","0",".237",".384",".331",".300",".305",".147","69.7",11,10.2,8.3,31.7,25.7,"85.1","17.7",30,6.2,30.9,"97.313797857","92.666821705",20.7,50
"Lukes, Nathan",664770,2025,30,388,438,99,66,19,2,12,60,38,13.7,8.7,".255",".407",".323","0.730","65","102","12","2","7","3","55","1",".259",".392",".317",".315",".327",".133","68",5.4,11.1,9.6,35,30.3,"87.9","11.2",16,4.8,37,"98.285858221","93.26684546",14,48.9
"De La Cruz, Elly",682829,2025,23,629,699,166,106,31,7,22,181,67,25.9,9.6,".264",".440",".336","0.776","86","162","14","10","0","1","102","0",".251",".424",".333",".322",".325",".173","74.5",45,20.4,14.1,34.4,23.8,"91","7.6",46,10.3,44.2,"102.291176726","95.4641937",31.7,45.7
"Larnach, Trevor",663616,2025,28,503,567,126,84,24,1,17,122,53,21.5,9.3,".250",".404",".323","0.727","60","115","19","2","0","6","62","0",".247",".399",".317",".315",".321",".153","72.2",23.2,16.7,12,37.9,27.1,"90.9","10.9",28,7.2,45.7,"101.351578402","95.134984031",29.8,44.5
"Durbin, Caleb",702332,2025,25,445,506,114,78,25,0,11,50,30,9.9,5.9,".256",".387",".334","0.721","53","120","10","0","3","4","60","3",".255",".362",".319",".312",".333",".107","67.9",1.9,7.9,7.2,37,33.3,"85.2","13.9",16,4,26.9,"96.100902887","92.05425549",13,44.5
"India, Jonathan",663697,2025,28,497,567,116,78,29,0,9,106,54,18.7,9.5,".233",".346",".323","0.669","45","95","10","0","1","2","63","1",".238",".378",".301",".315",".329",".140","72",23.5,13.6,11.3,32.7,27.1,"87.9","17.1",23,5.8,36.8,"99.096462296","93.637694783",19.9,40.3
"Albies, Ozzie",645277,2025,28,603,667,145,104,23,2,16,94,55,14.1,8.2,".240",".365",".306","0.671","74","153","9","2","0","5","74","0",".243",".366",".295",".299",".310",".123","69",7,8.1,6.6,35,28.4,"87.5","18.7",25,4.9,30.7,"96.947639144","92.546234163",20.8,54.1
"Higashioka, Kyle",543309,2025,35,303,327,73,47,14,1,11,72,20,22,6.1,".241",".403",".291","0.694","47","70","5","0","0","2","33","0",".233",".394",".301",".295",".284",".161","70.9",9.6,13.8,11.3,36.3,29.7,"88.9","17.2",20,8.6,39.1,"99.057726983","93.733033983",21.9,45
"Schuemann, Max",680474,2025,28,183,213,36,28,4,2,2,35,22,16.4,10.3,".197",".273",".295","0.568","13","43","6","0","3","1","20","0",".230",".334",".262",".297",".325",".104","68.6",2.8,10.3,7.8,36.4,27.5,"87.3","12.4",4,2.6,32.9,"97.241612703","92.809173741",24.4,45.5
"Norby, Connor",681393,2025,25,311,337,78,52,17,1,8,90,18,26.7,5.3,".251",".389",".300","0.689","34","67","3","0","0","3","42","0",".241",".417",".300",".307",".292",".176","69.3",6.8,11.2,8.2,28.6,21,"88.3","15.9",21,9.4,37.1,"98.764348839","93.549892377",29.3,54.2
"Freeman, Tyler",671289,2025,26,377,428,106,82,20,2,2,51,34,11.9,7.9,".281",".361",".354","0.715","31","76","10","0","2","4","50","0",".278",".367",".319",".325",".355",".088","71.3",14.6,13.4,11.8,35.6,31.4,"90.1","7.9",7,2.1,40.4,"99.694809259","94.1276813",12.5,46.1
"Rutschman, Adley",668939,2025,27,322,365,71,44,16,2,9,57,40,15.6,11,".220",".366",".307","0.673","29","60","8","0","0","2","37","0",".241",".410",".298",".325",".327",".169","70.1",12.2,12.7,11,40.4,35,"89.4","13.7",20,7.5,38.6,"99.370985821","93.966094082",14.5,40.6
"Harris II, Michael",671739,2025,24,611,641,152,100,26,6,20,128,16,20,2.5,".249",".409",".268","0.677","86","158","7","1","4","7","55","0",".268",".438",".289",".315",".291",".169","74.3",40.7,18.8,14.4,31.2,24,"90.2","7.4",45,9.1,43.4,"103.013806132","95.674311175",24.4,57
"Jones, Nolan",666134,2025,27,355,403,75,54,14,2,5,113,39,28,9.7,".211",".304",".296","0.600","34","80","6","1","1","3","34","1",".224",".373",".270",".301",".309",".148","72.7",31.4,14.1,10.3,30.3,22,"90.8","13",21,8.6,46.7,"101.479686667","95.273598792",27.9,46.4
"Keaschall, Luke",807712,2025,22,182,207,55,37,14,0,4,29,19,14,9.2,".302",".445",".382","0.827","28","60","4","0","0","1","25","2",".263",".378",".363",".324",".347",".116","66.9",2.2,9.9,8.5,40.9,34.9,"86.2","10.5",8,5.2,31.2,"97.107228701","92.654308562",18.5,42
"Sanoja, Javier",691594,2025,22,313,342,76,44,22,4,6,41,19,12,5.6,".243",".396",".287","0.683","38","79","2","0","4","4","40","0",".251",".342",".294",".282",".296",".090","68.3",3.8,13.2,11.9,41.3,37.2,"88.5","10.8",5,1.8,35,"98.289398881","93.337097491",12.4,46.9
"Chourio, Jackson",694192,2025,21,549,589,148,88,35,4,21,121,30,20.5,5.1,".270",".463",".308","0.771","78","107","13","1","1","6","88","1",".247",".426",".328",".307",".288",".179","73.9",40,18.7,14.3,34.3,26.3,"89.3","10.6",42,9.7,42.3,"101.15634963","94.875813411",26,53.4
"McCutchen, Andrew",457705,2025,38,477,551,114,79,22,0,13,118,67,21.4,12.2,".239",".367",".333","0.700","57","104","12","5","0","3","51","0",".258",".415",".309",".333",".350",".157","71.1",12,14.2,10.8,31.8,24.1,"89.5","14.5",30,8.4,42.5,"100.124243278","94.328514568",26.2,45.6
"Lee, Jung Hoo",808982,2025,26,560,617,149,98,31,12,8,71,47,11.5,7.6,".266",".407",".327","0.734","55","117","2","0","0","4","73","1",".277",".385",".320",".321",".339",".108","68.3",2.7,10.8,9.4,39.8,34.9,"87.1","9.9",18,3.7,32,"97.154749061","92.638543988",13.1,44.7
"Hernández, Enrique",571771,2025,33,232,256,47,29,8,0,10,68,18,26.6,7,".203",".366",".255","0.621","35","62","7","0","1","5","30","0",".221",".394",".268",".287",".273",".173","71.1",14.2,12.2,8.9,31.4,22.9,"90.3","16.3",16,9.5,37.6,"99.835463571","94.131469762",29,51.1
"Martínez, Angel",682657,2025,23,446,484,100,64,23,2,11,110,23,22.7,4.8,".224",".359",".269","0.628","45","88","8","0","5","4","56","1",".215",".313",".274",".255",".262",".099","70.2",10.8,9.5,7.5,30.9,24.2,"87.1","18.4",12,3.5,29.3,"97.037956154","92.536116469",21.4,54.4
"Díaz, Elias",553869,2025,34,255,283,52,36,7,0,9,74,21,26.1,7.4,".204",".337",".270","0.607","29","75","11","0","5","0","34","1",".202",".333",".269",".267",".269",".131","72.8",29.4,15.6,10.5,30.5,20.6,"88.4","17.7",14,7.6,38.7,"100.068601667","94.206191006",34.2,52
"García Jr., Luis",671277,2025,25,488,526,123,78,28,1,16,84,27,16,5.1,".252",".412",".289","0.701","66","115","7","1","0","9","67","0",".281",".470",".300",".339",".320",".189","72.4",28,18,14.6,37.6,30.4,"90.2","9.2",37,9,45.8,"100.772844709","94.823697591",21.7,53.9
"Lewis, Royce",668904,2025,26,376,403,89,58,18,0,13,80,25,19.9,6.2,".237",".388",".283","0.671","52","107","7","0","0","2","36","0",".240",".400",".292",".297",".286",".160","73.6",39.8,16.8,12.6,33.2,24.9,"89.8","16.7",26,8.7,40.3,"100.418670671","94.408310906",26.7,51
"Stanton, Giancarlo",519317,2025,35,249,281,68,36,8,0,24,96,29,34.2,10.3,".273",".594",".350","0.944","66","72","5","3","0","1","36","0",".235",".520",".395",".354",".318",".285","80.6",97.3,26.1,16.5,30,19,"94.4","17.5",34,22.1,55.2,"107.633614026","98.832539221",37.4,41.4
"Ramírez, José",608070,2025,32,593,673,168,101,34,3,30,74,66,11,9.8,".283",".503",".360","0.863","85","106","9","22","0","5","103","1",".284",".446",".359",".342",".362",".162","70.9",16.2,13.2,11.4,34.6,30.1,"88.9","19.2",37,7,37,"99.107451103","93.765336362",14.9,46.8
"Taylor, Michael A.",572191,2025,34,295,325,59,29,20,1,9,110,23,33.8,7.1,".200",".366",".259","0.625","35","69","7","1","4","2","33","0",".186",".380",".270",".271",".248",".194","72.4",26.7,16.9,10.6,32.4,20.3,"90.8","17.9",20,10.5,42.9,"101.676094494","95.232601638",37.7,51.3
"Stowers, Kyle",669065,2025,27,399,457,115,66,21,3,25,125,48,27.4,10.5,".288",".544",".368","0.912","73","106","6","3","1","4","61","3",".265",".537",".386",".375",".349",".272","75",51.7,17.5,12.2,29.9,20.8,"91.1","14.1",53,19.1,52,"103.093111727","96.214876787",32.5,54
"Schanuel, Nolan",694384,2025,23,488,564,129,93,23,1,12,71,59,12.6,10.5,".264",".389",".353","0.742","53","101","10","4","3","4","64","2",".262",".388",".327",".327",".352",".126","67.5",6.1,9.4,8,37.9,32.4,"87.5","13.2",19,4.5,29,"96.61346119","92.362165704",15,45.2
"Hays, Austin",669720,2025,29,380,416,101,65,16,5,15,107,29,25.7,7,".266",".453",".315","0.768","64","117","9","2","0","6","60","1",".234",".403",".327",".300",".290",".169","71.9",19.8,13.1,9.4,31.2,22.2,"88.8","14.6",29,10.5,38.4,"99.434684493","93.863333745",31.4,52
"Mangum, Jake",663968,2025,29,405,428,120,98,18,1,3,64,19,15,4.4,".296",".368",".330","0.698","40","97","4","0","1","1","37","0",".251",".336",".307",".276",".288",".085","67.3",5.3,9.6,7.8,32.9,26.8,"87.3","-0.7",9,2.7,33.4,"97.795184639","92.979726627",18.9,62.1
"Stott, Bryson",681082,2025,27,499,560,128,90,22,3,13,91,54,16.3,9.6,".257",".391",".328","0.719","66","134","4","1","2","4","66","0",".247",".393",".315",".313",".320",".146","69.4",5.7,10.5,9,33.6,28.7,"87.6","14.9",21,5.1,29.5,"97.625702976","92.873358435",16.7,40.4
"Suárez, Eugenio",553993,2025,33,588,657,134,57,28,0,49,196,46,29.8,7,".228",".526",".298","0.824","118","152","11","2","0","7","91","0",".211",".463",".347",".320",".285",".252","72.3",26.5,15.4,10.8,31.6,22.1,"90.2","21.9",57,14.3,47.6,"101.4773033","95.099828471",33.3,50.4
"Caratini, Victor",605170,2025,31,344,386,89,63,14,0,12,65,23,16.8,6,".259",".404",".324","0.728","46","80","8","0","0","6","35","0",".255",".425",".318",".329",".324",".170","72.3",23.6,16.3,13.3,37.6,30.7,"88.7","12.5",22,7.7,40.7,"100.008528662","94.285292852",19.8,46.6
"Teel, Kyle",691019,2025,23,253,297,69,50,11,0,8,77,37,25.9,12.5,".273",".411",".375","0.786","35","57","1","0","1","1","38","0",".237",".416",".349",".337",".345",".179","69.5",10.2,11.9,8.6,32.2,23.2,"88.3","14.4",17,9.6,37.6,"99.256241023","93.683455455",29.1,44.6
"Fitzgerald, Tyler",666149,2025,27,217,243,47,32,10,1,4,70,17,28.8,7,".217",".327",".278","0.605","14","53","3","0","6","1","19","0",".192",".281",".269",".242",".256",".089","69.2",3.9,7.3,5.1,27.9,19.3,"84.5","17",7,4.5,27.9,"96.267063288","92.142678904",31.2,52.6
"Busch, Michael",683737,2025,27,524,592,137,73,25,5,34,139,56,23.5,9.5,".261",".523",".343","0.866","90","120","2","2","0","2","78","0",".262",".548",".369",".378",".344",".286","69.6",7,17.4,13.1,38.4,28.9,"92.2","17",66,17.1,47.3,"101.692645959","95.541508831",25.1,46.8
"Gorman, Nolan",669357,2025,25,351,402,72,43,14,1,14,136,47,33.8,11.7,".205",".370",".296","0.666","46","97","1","2","0","4","48","0",".196",".386",".292",".296",".290",".190","72.7",24.5,13.1,8.9,27.5,18.6,"89.6","22.3",20,9.2,41.1,"100.473005926","94.520283241",34.6,47.4
"Ritter, Ryan",690022,2025,24,187,207,45,32,9,3,1,61,10,29.5,4.8,".241",".337",".296","0.633","18","50","7","0","4","1","22","0",".211",".276",".280",".248",".270",".066","69.1",6.7,7.1,4.7,26.1,17.2,"85.2","7.4",2,1.5,30.5,"96.732699677","92.401848618",35.4,54.1
"Davis, Henry",680779,2025,25,252,283,42,28,7,0,7,76,18,26.9,6.4,".167",".278",".234","0.512","22","68","2","0","3","3","25","0",".213",".389",".229",".293",".279",".176","73.9",39.3,14.2,10.3,26.5,19.3,"88.6","23.3",21,11.5,37.4,"100.464622889","94.376065531",28.9,55.3
"Ozuna, Marcell",542303,2025,34,487,592,113,73,19,0,21,144,94,24.3,15.9,".232",".400",".355","0.755","68","118","11","2","0","7","61","2",".239",".448",".334",".354",".362",".209","72.9",31.6,14.6,10.9,31.8,23.7,"89.9","14.1",40,11.5,44.6,"101.322693218","94.957629109",25.8,39.4
"Tauchman, Mike",643565,2025,34,335,385,88,61,17,1,9,86,45,22.3,11.7,".263",".400",".356","0.756","40","62","5","0","0","1","44","1",".244",".382",".335",".321",".339",".139","69.1",6,11.7,9,32.3,24.9,"89","16.5",17,6.8,38.8,"99.55421704","93.9989049",24.3,46.8
"Machado, Manny",592518,2025,32,615,678,169,109,33,0,27,131,55,19.3,8.1,".275",".460",".335","0.795","95","152","16","4","0","5","91","0",".271",".495",".341",".355",".334",".224","74.5",43,22,16.5,35.4,26.6,"92.9","14.3",63,12.9,51.5,"103.43453","96.416401779",26.1,50
"Simpson, Chandler",802415,2025,24,414,441,122,104,15,3,0,43,20,9.8,4.5,".295",".345",".326","0.671","26","75","10","0","3","2","53","0",".295",".336",".296",".297",".328",".041","64.2",0.3,2.2,2,42,37.6,"84.3","0.5",0,0,17.3,"93.5904715","90.810575972",11.5,48.6
"Herrera, Jose",645444,2025,28,166,204,31,23,6,0,2,47,23,23,11.3,".187",".259",".285","0.544","17","41","2","0","11","3","21","0",".169",".225",".251",".237",".273",".056","67",1.4,5,4,33,25.9,"83.9","16.2",1,0.8,22.6,"94.05191082","91.19759124",21.1,38.8
"Allen, Nick",669397,2025,26,371,416,82,71,11,0,0,99,31,23.8,7.5,".221",".251",".284","0.535","22","87","8","0","8","3","32","0",".220",".267",".245",".252",".284",".046","64.5",0.2,4.5,3.6,33.7,27.1,"84.8","13.3",0,0,21.6,"94.907320963","91.457467333",21.5,48.4
"Torkelson, Spencer",679529,2025,25,563,649,135,76,27,1,31,169,72,26,11.1,".240",".456",".333","0.789","78","126","12","6","0","5","82","1",".226",".456",".339",".334",".322",".230","73",26.4,15.2,11.5,30.7,23.1,"90.2","23.1",54,13.5,45.1,"100.7921562","94.776285589",26.9,44.6
"Williamson, Ben",810938,2025,24,277,295,70,56,13,0,1,64,15,21.7,5.1,".253",".310",".294","0.604","21","71","5","0","2","0","36","0",".241",".322",".269",".269",".283",".081","69.7",7.9,13.6,10.8,30.5,24.2,"88.3","3.1",7,3.3,40.5,"99.548201226","93.912783555",21.9,48.1
"Goodman, Hunter",696100,2025,25,540,579,150,86,28,5,31,152,33,26.3,5.7,".278",".520",".323","0.843","91","129","16","0","0","2","73","0",".244",".466",".359",".324",".292",".221","74.4",42.7,16.3,11.5,30.9,21.7,"90.8","17.3",50,12.9,46.9,"102.599968608","95.758645633",32,55
"Langford, Wyatt",694671,2025,23,489,573,118,70,25,1,22,151,74,26.4,12.9,".241",".431",".344","0.775","62","87","9","3","0","5","73","0",".239",".448",".337",".346",".344",".210","73.1",29,17.9,13.4,34.4,25.8,"91.4","17.5",48,14,48.4,"102.369966744","95.79834863",26.3,43
"Trout, Mike",545361,2025,33,456,556,106,65,14,1,26,178,87,32,15.6,".232",".439",".359","0.798","64","91","7","10","0","6","73","0",".236",".474",".343",".358",".364",".239","74",40.1,16.4,11.8,27.4,19.7,"90.9","17.5",45,15.8,49.3,"103.439903451","96.179463887",29.9,38.8
"Alonso, Pete",624413,2025,30,624,709,170,90,41,1,38,162,61,22.8,8.6,".272",".524",".347","0.871","126","175","23","5","0","9","87","2",".274",".572",".368",".386",".349",".299","75.3",53.4,22.7,17.2,33.6,25.4,"93.5","15.4",89,18.9,54.4,"105.076411532","97.45647",25.6,46.3
"Arcia, Orlando",606115,2025,30,203,214,41,30,7,1,3,47,10,22,4.7,".202",".291",".238","0.529","13","42","4","0","0","1","13","1",".207",".290",".233",".236",".244",".084","70.6",15.1,12.4,9.6,29.4,22.7,"87.4","7",4,2.6,33.8,"98.674542078","93.369533182",24.8,54
"Butler, Lawrence",671732,2025,24,569,630,133,80,30,2,21,179,59,28.4,9.4,".234",".404",".306","0.710","63","128","7","0","2","0","83","1",".229",".393",".310",".304",".301",".164","73.8",39.2,17.7,12.2,30.5,21.1,"90.5","9.2",36,9.2,44.4,"102.147176546","95.442891289",32.9,47
"Jeffers, Ryan",680777,2025,28,406,464,108,73,26,0,9,91,50,19.6,10.8,".266",".397",".356","0.753","47","103","9","1","0","1","47","0",".243",".400",".333",".325",".336",".157","72.3",28.1,16.1,13,34.9,28.3,"89.3","15",20,6.3,42.1,"100.809316139","94.578274032",21.1,38.9
"Peraza, Oswald",672724,2025,25,244,265,40,29,6,0,5,80,17,30.2,6.4,".164",".250",".223","0.473","20","52","6","0","0","1","24","0",".194",".306",".214",".248",".252",".112","73.6",33.5,14.5,9.8,29.9,20.2,"87.1","8",11,6.7,38.8,"100.200491975","94.259031543",33.3,52.9
"Mountcastle, Ryan",663624,2025,28,332,357,83,58,18,0,7,98,15,27.5,4.2,".250",".367",".286","0.653","35","79","10","0","0","6","34","0",".253",".428",".284",".313",".293",".174","75.2",52.7,15.1,10.4,27.5,19,"90.7","9.1",28,11.7,47.1,"101.733937167","95.313543167",32,57.5
"Vientos, Mark",668901,2025,25,424,463,99,59,21,2,17,115,30,24.8,6.5,".233",".413",".289","0.702","61","106","11","0","0","4","44","0",".246",".432",".303",".320",".303",".187","71.2",14.8,16.9,11.7,37.2,25.9,"91.4","11.5",36,11.5,50.5,"101.904334459","95.670780607",32.5,51.9
"Kepler, Max",596146,2025,32,417,474,90,53,19,0,18,93,48,19.6,10.1,".216",".391",".300","0.691","52","106","10","3","1","4","58","0",".243",".443",".300",".332",".326",".200","71.3",16,16.6,13.2,36.7,29.1,"90.8","16.3",38,11.6,44.7,"100.626033742","94.610328405",23.5,48.1
"Schneemann, Daniel",682177,2025,28,379,422,78,47,18,1,12,117,38,27.7,9,".206",".354",".283","0.637","41","81","4","1","1","1","48","0",".215",".387",".280",".297",".291",".173","70.9",12,14.6,10.6,34,24.7,"88.9","10.9",30,11.5,41.7,"99.967612231","94.233244324",29.6,45.4
"Paredes, Isaac",670623,2025,26,378,438,96,60,15,1,20,76,50,17.4,11.4,".254",".458",".352","0.810","53","87","10","0","0","2","53","1",".235",".380",".353",".320",".337",".146","69",9.5,9.5,8,31.7,26.6,"87.4","23",19,6.3,33.6,"97.968035894","93.068434007",16.4,40.9
"Lowe, Josh",666139,2025,27,396,435,87,53,21,2,11,109,33,25.1,7.6,".220",".366",".283","0.649","40","93","7","1","1","2","56","0",".240",".370",".284",".298",".304",".131","72.4",27.5,10.1,7.3,26.9,19.5,"88.6","9.3",17,5.9,39.6,"99.41732007","93.945724064",28,54.5
"Trevino, Jose",624431,2025,32,282,302,67,43,20,0,4,39,15,12.9,5,".238",".351",".272","0.623","22","66","9","0","1","4","30","0",".242",".355",".271",".278",".279",".113","68.9",2.6,14.5,12,42,34.7,"87.9","10.9",11,4.5,40.7,"99.163307459","93.735879959",18.4,46.6
"Jung, Josh",673962,2025,27,482,511,121,83,23,1,14,129,27,25.2,5.3,".251",".390",".294","0.684","61","118","10","0","0","0","53","1",".245",".414",".298",".304",".288",".169","70.3",5.2,16.8,12.9,33.5,25.7,"89.3","12.8",29,8.3,46.7,"100.8140564","94.816045657",25.4,51.1
"Rooker, Brent",667670,2025,30,626,699,164,91,40,3,30,155,65,22.2,9.3,".262",".479",".335","0.814","89","139","13","4","0","2","92","0",".261",".489",".349",".351",".334",".228","73.6",35.7,17.2,12.4,33.3,24,"90.7","16.4",65,13.7,44.8,"101.348762785","95.08004389",30.8,50
"Narváez, Carlos",665966,2025,26,403,446,97,55,27,0,15,111,38,24.9,8.5,".241",".419",".306","0.725","50","118","12","0","2","2","51","1",".220",".381",".315",".293",".288",".162","72.3",20.5,15.6,11.6,34.6,25.6,"91.1","13.2",27,9.1,44.6,"101.53825034","95.342193367",27.7,48.9
"Lowe, Brandon",664040,2025,30,507,553,130,80,19,0,31,149,38,26.9,6.9,".256",".477",".307","0.784","83","112","6","1","0","6","79","0",".253",".478",".334",".335",".307",".224","73.9",40.4,15.7,11,30,21,"91.1","15.2",47,13,46.6,"101.991060221","95.474542762",33.4,55.5
"Grisham, Trent",663757,2025,28,494,581,116,72,9,1,34,137,82,23.6,14.1,".235",".464",".348","0.812","74","101","7","0","0","1","87","0",".248",".498",".353",".370",".359",".250","71",11.5,18.3,14.6,37.8,30.1,"91.1","16.4",51,14.2,46.4,"101.23838764","95.167728169",22.7,38.9
"House, Brady",691781,2025,22,261,274,61,46,11,0,4,78,8,28.5,2.9,".234",".322",".252","0.574","29","67","11","0","0","5","26","0",".256",".370",".248",".284",".278",".114","72.4",22.2,16.4,11.6,33.6,23.8,"89.8","5.8",8,4.3,46.3,"101.278758298","94.962086257",30.9,57.2
"Lowe, Nathaniel",663993,2025,29,540,609,123,79,23,3,18,159,62,26.1,10.2,".228",".381",".307","0.688","84","148","6","2","0","5","64","0",".229",".373",".301",".303",".311",".145","72.7",24.3,13.4,10.3,27.5,21.3,"89","10.9",27,7,41.5,"100.389231563","94.465033629",24.7,44.6
"Arraez, Luis",650333,2025,28,620,675,181,139,30,4,8,21,34,3.1,5,".292",".392",".327","0.719","61","150","12","0","12","7","66","0",".287",".363",".313",".303",".324",".076","62.6",0.4,2.2,2.1,45,42.6,"86.1","12.2",7,1.1,16.7,"93.590259064","90.800701323",5.3,49.4
"Herrera, Iván",671056,2025,25,388,452,110,78,13,0,19,84,43,18.6,9.5,".284",".464",".373","0.837","66","92","20","1","0","4","54","0",".275",".491",".365",".371",".368",".216","74.4",47.7,18.8,14.7,32.2,25.2,"91.2","10.1",34,11.1,47.7,"102.882753464","95.975006557",23.3,45.1
"Springer, George",543807,2025,35,498,586,154,94,27,1,32,111,69,18.9,11.8,".309",".560",".399","0.959","84","112","14","3","0","4","106","0",".291",".571",".408",".404",".384",".280","73.7",40.2,18.4,13.8,32.6,24.5,"90","17.2",63,16.2,47.6,"102.436288051","95.608566256",26.1,46.2
"Straw, Myles",664702,2025,30,267,299,70,51,14,1,4,50,19,16.7,6.4,".262",".367",".313","0.680","32","73","5","0","11","1","51","0",".252",".365",".299",".295",".303",".113","67.1",2.3,8.6,7.3,39.3,33.1,"87.2","14.8",9,3.9,27.1,"96.079168692","92.074034626",17.3,47
"Giménez, Andrés",665926,2025,26,329,369,69,50,11,1,7,66,25,17.9,6.8,".210",".313",".285","0.598","35","75","8","0","1","3","39","0",".252",".361",".269",".308",".325",".109","69.3",7.1,8,6.2,31.2,23.9,"86.3","11",8,3,27.7,"96.602269237","92.349003755",23.8,51.9
"Raley, Luke",670042,2025,30,183,219,37,25,8,0,4,64,19,29.2,8.7,".202",".311",".319","0.630","19","48","2","0","3","1","23","0",".209",".358",".291",".312",".327",".149","73.8",38.3,14.6,8.6,29.2,17.3,"89.5","9.8",13,10.6,42.3,"101.481510339","95.137145897",40.8,53.9
"Nimmo, Brandon",607043,2025,32,587,652,154,102,27,0,25,141,50,21.6,7.7,".262",".436",".324","0.760","92","158","8","1","1","7","81","1",".252",".419",".329",".321",".317",".167","72.3",26.5,19.2,14.8,34.4,26.5,"91.9","11.2",40,8.8,50.2,"102.56356141","95.897196556",23.8,47.2
"Torres, Gleyber",650402,2025,28,532,628,136,98,22,0,16,101,85,16.1,13.5,".256",".387",".358","0.745","74","107","11","0","0","7","79","1",".269",".462",".332",".363",".372",".193","70.2",11.8,14.5,11.8,35.9,29.2,"90","14.3",36,8.2,39,"99.951681689","94.284674897",19.5,40.8
"Dingler, Dillon",693307,2025,26,435,469,121,85,21,2,13,110,23,23.5,4.9,".278",".425",".327","0.752","57","98","5","2","0","1","54","0",".290",".475",".326",".351",".339",".185","71.7",14.6,16.8,12.9,33.9,26.1,"90","15.8",30,9.2,45.7,"101.112198405","94.948132515",24.8,48.5
"Lopez, Otto",672640,2025,26,544,594,134,98,21,0,15,82,44,13.8,7.4,".246",".368",".305","0.673","77","143","9","2","0","3","66","0",".269",".434",".295",".330",".327",".165","71.7",22,17.1,14.2,37.7,31.4,"88.5","8.4",33,7.1,38.3,"99.900867489","94.042562749",18.9,46.3
"Santana, Carlos",467793,2025,39,415,474,91,69,11,0,11,91,52,19.2,11,".219",".325",".308","0.633","54","99","7","1","0","4","49","0",".216",".346",".284",".290",".306",".130","71.3",17.1,13,10,29.4,22.6,"87.6","16.7",16,4.9,37.8,"99.228050732","93.64377436",24.3,45
"Beck, Jordan",687597,2025,24,539,588,139,91,27,5,16,174,43,29.6,7.3,".258",".416",".317","0.733","53","119","9","0","0","1","62","0",".231",".395",".319",".301",".293",".164","73.2",32.9,13.4,9.3,26.4,18.5,"87.4","12.8",35,9.6,38.5,"100.308269611","94.26308585",31.2,47.4
"Meyers, Jake",676694,2025,29,343,381,100,80,15,2,3,67,31,17.6,8.1,".292",".373",".354","0.727","24","71","9","0","2","2","53","0",".269",".403",".323",".325",".334",".134","68.4",5,11.8,9.6,34.7,28.2,"88.1","9.8",14,5,38.9,"99.285411377","93.81484913",21.2,47.2
"Wagaman, Eric",676572,2025,27,476,514,119,79,28,3,9,100,32,19.5,6.2,".250",".378",".296","0.674","53","122","11","0","0","5","56","0",".259",".421",".293",".315",".306",".162","73.4",36.6,19.5,15.3,37.6,29.4,"91","10.6",26,6.8,46.5,"102.304067053","95.484613553",24.2,45.2
"Urías, Ramón",602104,2025,31,352,391,85,57,17,0,11,88,27,22.5,6.9,".241",".384",".292","0.676","44","87","6","0","0","10","33","1",".227",".375",".292",".289",".283",".148","70.8",12.5,14.2,10.8,34.2,25.9,"89.2","13.2",22,8.1,41.8,"99.727267941","94.199624375",26.2,49.1
"Urías, Luis",649966,2025,28,287,330,66,51,7,0,8,45,31,13.6,9.4,".230",".338",".315","0.653","25","58","9","0","0","3","27","1",".234",".346",".293",".300",".321",".113","69.4",7.9,9.5,8.5,36,32,"86.2","14.5",9,3.7,30.2,"96.770464065","92.415126898",13.3,42.2
"Tucker, Kyle",663656,2025,28,500,597,133,82,25,4,22,88,87,14.7,14.6,".266",".464",".377","0.841","73","105","8","7","1","3","91","0",".270",".483",".363",".372",".381",".213","72",23.6,15.2,12.5,36.1,29.7,"90.1","17.2",45,10.8,40.4,"99.768677067","94.192831928",20.2,45.2
"Merrill, Jackson",701538,2025,22,440,483,116,69,25,6,16,108,33,22.4,6.8,".264",".457",".317","0.774","67","110","4","1","1","5","59","0",".263",".490",".331",".347",".319",".227","72",19.9,15.3,11.2,30.3,22.2,"89.7","15.2",44,13,42.9,"100.742734371","94.664461796",27.1,58.4
"Hernández, Teoscar",606192,2025,32,511,546,126,71,29,1,25,134,26,24.5,4.8,".247",".454",".284","0.738","89","134","13","0","0","5","65","0",".250",".455",".315",".323",".291",".206","72.9",31,18.5,12.9,34.7,24.2,"90.2","9.9",44,11.5,46.1,"101.752887801","95.144195209",31.9,50.4
"Rodríguez, Julio",677594,2025,24,652,710,174,107,31,4,32,152,44,21.4,6.2,".267",".474",".324","0.798","95","142","15","5","0","2","106","0",".269",".479",".341",".344",".327",".209","76.4",63.9,19.8,14.4,30.8,22.4,"91.8","8.5",49,9.8,48,"103.7115726","96.24062626",28.2,55.4
"Young, Jacob",696285,2025,25,324,364,75,62,10,1,2,65,27,17.9,7.4,".231",".287",".296","0.583","31","83","7","0","9","1","34","0",".262",".336",".264",".297",".324",".074","68.3",1.6,11.1,9.3,39.8,33.5,"87.6","3.8",5,1.9,34.2,"98.260470403","93.325113441",17.4,43.7
"Lindor, Francisco",596019,2025,31,644,732,172,106,35,0,31,131,65,17.9,8.9,".267",".466",".346","0.812","86","125","9","2","0","7","117","3",".260",".454",".350",".345",".342",".194","71",16.4,13.9,11.1,33.8,26.9,"90.5","15.1",46,8.9,44.4,"100.755824319","94.874493626",20.8,47.7
"Holliday, Jackson",702616,2025,21,586,649,142,101,21,3,17,140,56,21.6,8.6,".242",".375",".314","0.689","55","122","4","1","0","1","70","1",".241",".404",".304",".314",".313",".163","70.6",10.7,15,11.6,35.1,27.2,"88.8","8.9",35,7.8,40.8,"99.642935225","94.03038741",24.5,47.1
"Burger, Jake",669394,2025,29,356,376,84,52,15,1,16,93,12,24.7,3.2,".236",".419",".269","0.688","53","101","3","0","0","3","43","1",".246",".478",".295",".324",".280",".232","74.6",50,21.6,15.4,31.9,22.8,"90.4","16.1",37,13.9,48.5,"103.175129323","95.834832632",29.2,55.1
"Kurtz, Nick",701762,2025,22,420,489,122,58,26,2,36,151,63,30.9,12.9,".290",".619",".383","1.002","86","94","4","3","0","3","90","2",".245",".537",".419",".372",".345",".292","77.2",72.7,22.2,14.8,29.4,19.6,"92.7","15.3",50,18.5,51.1,"104.041792059","96.828915978",35.5,43.1
"Bell, Josh",605137,2025,32,468,533,111,72,16,1,22,88,57,16.5,10.7,".237",".417",".325","0.742","63","117","15","1","0","3","54","0",".256",".485",".324",".359",".345",".229","73.1",34.9,18.6,14.6,34.4,27,"90.4","10.4",46,12.1,47,"102.549856474","95.682677968",23.6,47
"Sheets, Gavin",657757,2025,29,492,545,124,76,28,1,19,107,44,19.6,8.1,".252",".429",".317","0.746","71","124","9","1","0","4","57","0",".263",".453",".323",".340",".331",".190","74.8",51.9,17.6,14.1,31.3,25,"89.9","14",37,9.6,46.5,"101.199157732","94.955729845",23,44.7
"Freeman, Freddie",518692,2025,35,556,627,164,99,39,2,24,128,60,20.4,9.6,".295",".502",".367","0.869","90","124","13","7","0","5","81","3",".268",".467",".370",".350",".345",".200","69.9",8.4,15.6,11.8,35.3,26.6,"90.9","14.3",45,10.4,45.7,"100.776056343","94.869970093",27.3,51.9
"Myers, Dane",667472,2025,29,307,333,72,56,10,0,6,77,23,23.1,6.9,".235",".326",".291","0.617","31","81","12","0","0","1","29","1",".247",".393",".275",".304",".303",".147","71",17.8,15.8,12,40.1,30.4,"90.7","10.5",18,7.8,42,"99.818160261","94.250510655",23.7,45
"Baldwin, Brooks",681460,2025,24,300,328,72,45,15,1,11,86,21,26.2,6.4,".240",".407",".290","0.697","38","83","9","0","4","2","32","1",".235",".416",".302",".307",".288",".181","70.7",11.1,13.7,10.5,33.4,25.4,"90.4","14.8",24,10.9,40.9,"100.405509245","94.668835355",24.6,53.2
"O'Hearn, Ryan",656811,2025,31,474,544,133,94,21,1,17,109,58,20,10.7,".281",".437",".366","0.803","63","120","11","4","0","4","67","0",".269",".429",".349",".343",".357",".160","71.8",17.8,14.3,11.2,32.8,25.7,"89.4","11.4",28,7.6,42.5,"99.566357446","94.072133569",23.3,46.8
"Clement, Ernie",676391,2025,29,545,588,151,105,35,2,9,61,27,10.4,4.6,".277",".398",".313","0.711","50","137","13","1","7","5","83","1",".260",".359",".308",".289",".299",".100","67.6",2.4,9.2,8.2,41.9,37.1,"86.6","17.9",12,2.4,26,"95.998970369","92.037389446",14.5,53.8
"Hoerner, Nico",663538,2025,28,599,649,178,138,29,4,7,49,39,7.6,6,".297",".394",".345","0.739","61","151","4","1","0","4","89","0",".292",".391",".324",".322",".341",".099","68.5",2.6,9.7,8.8,40,36.4,"86.7","12.5",13,2.4,30.3,"96.704418551","92.414274628",11.2,48.8
"Riley, Austin",663586,2025,28,416,447,108,71,20,1,16,128,27,28.6,6,".260",".428",".309","0.737","54","103","9","1","0","1","54","1",".246",".472",".318",".330",".298",".225","75.9",60.5,19.2,13.9,27.6,19.9,"92.3","16.8",44,15.2,50.2,"104.205844276","96.625096678",29.5,51
"Olson, Matt",621566,2025,31,624,724,170,98,41,2,29,176,91,24.3,12.6,".272",".484",".366","0.850","95","144","14","2","0","5","98","0",".249",".492",".366",".360",".347",".244","73.9",41.3,18.1,13.5,29.3,21.9,"93.3","14.8",65,14.4,53.3,"103.816455133","96.735765819",26.2,45.3
"Jansen, Danny",643376,2025,30,288,337,62,37,11,0,14,86,42,25.5,12.5,".215",".399",".321","0.720","36","76","5","0","1","2","38","0",".199",".356",".318",".299",".309",".157","69.5",5.9,10.7,8.5,32.3,25.6,"87.6","24",18,8.8,39,"98.68086","93.598515665",24,43.2
"Abreu, Wilyer",677800,2025,26,373,417,92,53,17,0,22,101,40,24.2,9.6,".247",".469",".317","0.786","69","107","8","5","1","3","53","1",".243",".475",".334",".335",".315",".232","74.1",40.9,16.9,13.4,27.5,21.9,"90.8","23",34,12.3,44.9,"102.379878333","95.549366836",24,52.1
"Adams, Riley",656180,2025,29,263,286,49,33,8,0,8,110,18,38.5,6.3,".186",".308",".252","0.560","24","68","6","0","0","0","29","0",".208",".350",".250",".275",".272",".142","78.3",79.2,18.2,12.4,23.5,16,"91.8","9.1",16,10.5,52.3,"103.494352237","96.418372697",34.6,48.3
"Alexander, Blaze",677942,2025,26,230,266,53,33,12,1,7,86,22,32.3,8.3,".230",".383",".323","0.706","28","58","5","0","3","1","31","0",".211",".374",".313",".305",".308",".164","72.1",25.6,15.2,10.5,28.4,19.6,"90.2","7.3",19,12.8,43.2,"100.976531667","94.769820208",31,47.4
"Pages, Andy",681624,2025,24,581,624,158,103,27,1,27,135,29,21.6,4.6,".272",".461",".313","0.774","86","141","9","0","0","6","74","0",".258",".428",".332",".316",".301",".170","72.6",21.5,12.7,10.3,29.3,23.8,"88.6","16.9",38,8.4,37.2,"99.313461778","93.746068218",21.5,53.1
"Crawford, J.P.",641487,2025,30,570,654,151,115,24,0,12,122,74,18.7,11.3,".265",".370",".352","0.722","58","121","11","1","6","1","69","2",".266",".386",".322",".329",".354",".120","71.1",19.3,10.8,8.7,29.4,23.7,"87.2","11.5",22,4.9,34.7,"98.225449369","93.184882725",20.4,45.1
"Turner, Trea",607208,2025,32,589,639,179,126,31,7,15,107,43,16.7,6.7,".304",".457",".355","0.812","69","143","11","1","0","2","94","1",".270",".410",".352",".321",".324",".140","71.2",17.8,14.6,11.2,33.5,25.7,"89.3","9.1",28,5.8,42.1,"100.109582645","94.284521756",24.8,51.4
"Smith, Dominic",642086,2025,30,204,225,58,41,12,0,5,42,15,18.7,6.7,".284",".417",".333","0.750","33","51","5","0","0","4","26","0",".252",".398",".325",".306",".306",".145","67.7",4.1,11.8,9.3,36.7,29,"87.7","15.1",7,4.2,35.5,"97.948953012","93.092219394",22.2,49.4
"Garcia, Maikel",672580,2025,25,595,666,170,110,39,5,16,84,62,12.6,9.3,".286",".449",".351","0.800","74","154","14","0","3","5","81","0",".276",".422",".347",".335",".343",".146","71.9",17.2,21.2,18.4,43.9,38.1,"91.3","9.7",29,5.6,45.1,"101.342001641","95.068685362",15,40.1
"Rojas, Miguel",500743,2025,36,290,317,76,51,18,0,7,46,24,14.5,7.6,".262",".397",".318","0.715","27","66","7","1","3","0","35","0",".249",".358",".312",".293",".306",".109","68.1",4.3,10.4,8.7,40.3,33.8,"87.6","12.9",10,4.1,31.2,"97.377713277","92.731858692",17.9,44.9
"White, Eli",642201,2025,31,256,271,60,39,8,3,10,70,11,25.8,4.1,".234",".406",".270","0.676","35","68","2","1","1","1","43","0",".251",".435",".290",".310",".288",".185","72.2",21.2,14.9,11.4,28.1,21.4,"87.7","11.3",17,9.1,40.4,"100.120268901","94.122021978",26.2,52.9
"Crews, Dylan",686611,2025,23,293,322,61,41,8,2,10,76,24,23.6,7.5,".208",".352",".280","0.632","27","65","4","0","0","0","43","0",".235",".393",".279",".307",".304",".158","73.3",34.2,15.9,11.3,32.1,22.7,"89.7","8.5",21,9.8,38.7,"101.064556729","94.842214579",30.7,48.1
"Meidroth, Chase",805367,2025,23,450,505,114,94,15,0,5,72,45,14.3,8.9,".253",".320",".329","0.649","23","91","14","0","3","1","54","0",".254",".333",".294",".300",".330",".080","67.4",1.6,12,10.7,44.1,39.3,"88.2","6.7",6,1.6,36.1,"97.686781436","92.976040347",13,38.6
"Moncada, Yoán",660162,2025,30,248,289,58,31,13,2,12,75,32,26,11.1,".234",".448",".336","0.784","35","51","4","1","0","2","39","0",".217",".421",".339",".324",".323",".203","73.4",38.3,16.7,11.9,33,23.5,"89.8","15.1",25,14.3,43.4,"101.202542614","94.864336514",31.4,44.9
"Smith, Cam",701358,2025,22,441,493,104,71,21,3,9,137,43,27.8,8.7,".236",".358",".312","0.670","51","122","11","0","0","2","55","1",".235",".376",".298",".304",".312",".141","74.5",46.9,14.5,10.5,25.5,18.4,"87.9","8.9",21,6.9,40.8,"100.519229085","94.330406111",28.7,48.4
"Adell, Jo",666176,2025,26,526,573,124,68,18,1,37,151,33,26.4,5.8,".236",".485",".293","0.778","98","139","10","0","0","1","63","2",".260",".549",".333",".365",".316",".289","77.6",73.4,19.1,14.4,26.2,19.8,"91.7","16.1",65,17.3,50,"104.215712606","96.547484587",28.5,52.6
"Perdomo, Geraldo",672695,2025,25,597,720,173,115,33,5,20,83,94,11.5,13.1,".290",".462",".389","0.851","100","154","11","1","8","11","98","1",".278",".424",".370",".356",".381",".146","68.3",4.6,10.2,9.1,36,32.3,"87.6","15.5",33,6.2,31.9,"97.403040156","92.774457856",12,39.7
"Henderson, Gunnar",683002,2025,24,577,651,158,102,34,5,17,137,62,21,9.5,".274",".438",".349","0.787","68","114","7","6","0","5","85","0",".276",".425",".339",".341",".354",".149","75.3",53.4,20.3,15.7,32.4,25.1,"92.1","9.5",38,8.6,49.2,"102.936564389","96.031023084",25.1,47.6
"Conforto, Michael",624424,2025,32,418,486,83,51,20,0,12,121,56,24.9,11.5,".199",".333",".305","0.638","36","100","12","0","0","3","54","0",".233",".410",".287",".330",".336",".177","74",42.6,14,10.8,27.3,21,"89.9","12.9",29,9.7,44,"100.8879832","94.86054311",24.9,45.1
"Gonzalez, Romy",663853,2025,28,315,341,96,61,23,3,9,81,18,23.8,5.3,".305",".483",".343","0.826","53","92","8","1","0","5","47","0",".276",".480",".352",".344",".320",".204","74.3",44.7,25.4,18.3,38.1,27.5,"93.3","5.5",30,12.6,57.3,"104.23239437","97.196095588",29.3,54
"Contreras, William",661388,2025,27,566,659,147,102,28,0,17,120,84,18.2,12.7,".260",".399",".355","0.754","76","149","14","4","0","6","89","1",".248",".393",".332",".328",".348",".145","73.2",35,19.3,15.1,36.6,28.6,"91.1","7",29,6.4,48.5,"102.570622124","95.839705166",24.2,46.5
"Tellez, Rowdy",642133,2025,30,289,312,66,38,11,0,17,83,17,26.6,5.4,".228",".443",".276","0.719","49","78","9","0","0","3","34","0",".234",".479",".307",".328",".286",".245","74.8",48.5,18.8,13.9,32.8,24.2,"91.2","14.8",32,15.3,46.4,"102.566534381","95.772612919",28.1,44.9
"Vázquez, Christian",543877,2025,34,190,214,36,26,7,0,3,35,18,16.4,8.4,".189",".274",".271","0.545","14","45","3","0","0","2","14","0",".210",".307",".248",".271",".291",".097","67",2.2,7.4,6.4,36.3,31.4,"85.9","15.3",6,3.8,27.4,"95.863345443","91.971705669",16.9,42.7
"Triolo, Jared",669707,2025,27,331,376,75,48,18,2,7,76,39,20.2,10.4,".227",".356",".311","0.667","24","65","4","1","3","1","41","0",".239",".383",".296",".310",".322",".144","71.6",14.3,14.6,11.4,33,25.7,"89","14.7",16,6.2,38.2,"99.337682857","93.864443413",24,47.2
"Tovar, Ezequiel",678662,2025,23,360,390,91,60,18,4,9,98,21,25.1,5.4,".253",".400",".294","0.694","33","71","2","0","6","2","44","0",".261",".441",".301",".319",".302",".180","71.6",19.1,12.6,8.8,26.2,18.2,"89.4","16.4",25,9.3,38.9,"100.45095771","94.346705534",31.4,60.7
"Devers, Rafael",646240,2025,28,607,729,153,85,33,0,35,192,112,26.3,15.4,".252",".479",".372","0.851","109","140","16","10","0","4","99","2",".244",".487",".365",".367",".368",".242","71.6",19.8,17.9,12.3,31.5,21.7,"93.5","12.6",67,16,56.1,"104.005280383","97.028150813",31.6,47.2
"Ortiz, Joey",687401,2025,26,470,506,108,82,18,1,7,74,27,14.6,5.3,".230",".317",".276","0.593","45","144","10","0","6","0","62","0",".245",".327",".263",".275",".290",".082","72.4",24.4,12.9,10.9,27.5,23.3,"84.9","13.3",12,3,32.8,"97.991058051","93.026599357",16,46.8
"Lee, Brooks",686797,2025,24,487,527,115,83,15,1,16,92,31,17.5,5.9,".236",".370",".285","0.655","64","118","11","0","0","5","50","3",".234",".374",".286",".289",".285",".140","69.5",9.4,9.5,7.5,36.3,28.7,"88.6","13.2",23,5.8,38.5,"98.1525774","93.309491128",24,49.8
"Profar, Jurickson",595777,2025,32,318,371,78,47,16,1,14,59,48,15.9,12.9,".245",".434",".353","0.787","43","65","4","0","0","0","56","0",".230",".390",".346",".325",".341",".160","70.9",18,11.6,9.6,29.6,24.6,"89","20",19,7.4,40.3,"99.565421094","94.049759844",16.9,44.7
"Bregman, Alex",608324,2025,31,433,495,118,72,28,0,18,70,51,14.1,10.3,".273",".462",".360","0.822","62","108","12","3","0","2","64","0",".254",".427",".356",".337",".344",".174","71",9,15.2,13.3,43,37.5,"90.1","17.7",24,6.6,44.4,"99.354701257","94.200430932",15,40.6
"Abrams, CJ",682928,2025,24,580,635,149,90,35,5,19,125,37,19.7,5.8,".257",".433",".315","0.748","60","114","5","1","1","3","92","1",".245",".401",".324",".309",".305",".156","72.4",25.5,13.8,10.6,31.4,24.3,"88.7","13.3",35,7.6,39.2,"99.528390349","93.868025131",24.4,50.6
"Flores, Wilmer",527038,2025,33,419,463,101,75,10,0,16,88,34,19,7.3,".241",".379",".307","0.686","71","108","14","0","0","3","44","2",".225",".334",".302",".281",".294",".109","65.5",0.9,6.1,4.9,34.6,27.8,"85.9","18.8",16,4.8,26.9,"96.048525988","92.028912096",20.8,46.7
"Naylor, Bo",666310,2025,25,359,414,70,33,22,1,14,99,45,23.9,10.9,".195",".379",".282","0.661","47","77","4","0","3","6","46","0",".201",".371",".289",".292",".291",".169","72.4",22.1,11.5,9.2,28.6,23,"89.6","21.3",26,9.7,38.3,"99.633649773","94.100167452",22,47.1
"Seager, Corey",608369,2025,31,380,445,103,63,19,0,21,87,58,19.6,13,".271",".487",".373","0.860","50","66","13","10","0","2","61","0",".285",".569",".365",".400",".386",".284","72.6",21.9,20.4,15,35.4,26.1,"92.9","11.6",45,15.3,53.6,"103.909205676","96.729058034",27.9,49.9
"Kwan, Steven",680757,2025,27,625,693,170,129,29,1,11,60,55,8.7,7.9,".272",".374",".330","0.704","56","110","3","2","3","7","81","1",".273",".366",".310",".310",".334",".093","63.7",0.8,4.1,3.8,42.5,39.3,"86.2","15.6",11,1.9,19.3,"94.357794321","91.185631109",8.7,41.9
"Farmer, Kyle",571657,2025,34,277,300,63,41,14,0,8,66,17,22,5.7,".227",".365",".280","0.645","31","52","9","0","0","2","24","0",".228",".353",".282",".285",".284",".126","66.6",1.3,11.4,9.1,37.4,29.9,"87","15.3",13,6.2,35.2,"97.85606783","93.102847062",21.5,48.5
"Scott II, Victor",687363,2025,24,398,463,86,65,15,1,5,111,42,24,9.1,".216",".296",".305","0.601","37","90","3","0","10","3","54","0",".225",".313",".274",".287",".314",".087","69",6,7.4,5.4,31.7,23.1,"86.1","15.2",11,3.7,26,"96.84561594","92.427137782",26.9,49.1
"Wallner, Matt",670242,2025,27,336,392,68,27,16,3,22,114,46,29.1,11.7,".202",".464",".311","0.775","40","62","3","0","0","2","47","0",".202",".435",".334",".325",".312",".232","76.6",68.5,17,11,25.2,16.3,"91","21.1",31,13.9,45.5,"102.7851575","95.761244395",35.5,50.5
"Polanco, Jorge",593871,2025,31,471,524,125,69,30,0,26,82,42,15.6,8,".265",".495",".326","0.821","78","104","7","1","3","5","64","1",".266",".464",".350",".343",".329",".198","71.2",14.5,18.6,14.8,39.1,31,"90.8","16.7",41,10.3,45.8,"101.532444745","95.138197245",23.3,46.3
"Lile, Daylen",695734,2025,22,321,351,96,61,15,11,9,56,21,16,6,".299",".498",".347","0.845","41","86","5","0","1","3","51","0",".302",".449",".360",".348",".350",".146","69.2",3.2,11.4,9.3,34.6,28.4,"88.9","15",14,5.2,40.1,"99.156241493","93.671687761",18.9,52.2
"Tatis Jr., Fernando",665487,2025,26,594,691,159,105,27,2,25,129,89,18.7,12.9,".268",".446",".368","0.814","71","105","6","7","0","2","111","2",".272",".488",".353",".370",".372",".217","74",42.7,21.8,16.3,37,27.6,"93.3","9.4",51,11,51.8,"103.844166724","96.718358423",27,45.9
"Buxton, Byron",621439,2025,31,488,542,129,66,21,7,35,148,41,27.3,7.6,".264",".551",".327","0.878","83","96","0","5","0","6","97","0",".249",".514",".367",".350",".315",".266","75",50.5,20.3,14.5,31.9,22.7,"92.5","17.7",61,17.7,53.8,"103.649870983","96.632317826",31.3,51.8
"O'Neill, Tyler",641933,2025,30,181,209,36,20,6,1,9,51,22,24.4,10.5,".199",".392",".292","0.684","26","49","2","1","0","3","22","0",".243",".523",".297",".360",".331",".280","74",34.6,16.2,11,31.9,21.8,"88.8","22.2",22,16.5,39.1,"100.510865075","94.485570376",31.4,47.4
"Marte, Starling",516782,2025,36,293,329,79,56,14,0,9,68,22,20.7,6.7,".270",".410",".335","0.745","34","59","7","0","1","4","37","1",".248",".397",".326",".319",".322",".149","72.6",33.2,16.5,12.1,32,23.4,"87.6","10",18,7.9,40.4,"100.870151441","94.586623167",26.4,49.7
"Refsnyder, Rob",608701,2025,34,182,209,49,28,12,0,9,54,24,25.8,11.5,".269",".484",".354","0.838","30","47","6","1","0","2","29","0",".243",".457",".359",".338",".331",".214","73.2",33.8,20.6,15.9,34,26.2,"92","12.1",16,12.3,52.3,"102.333693385","95.943907308",25.3,40.9
"Friedl, TJ",670770,2025,29,579,685,151,113,22,2,14,115,81,16.8,11.8,".261",".378",".364","0.742","53","112","7","0","4","5","82","0",".227",".317",".333",".300",".337",".090","69.9",5.9,11.9,9.9,36.9,30.7,"87.1","14.3",13,2.7,32.1,"97.485236416","92.822655233",17.5,39.2
"Alvarez Jr., Nacho",805373,2025,22,188,208,44,30,12,0,2,49,12,23.6,5.8,".234",".330",".296","0.626","15","43","1","0","2","1","18","0",".228",".308",".279",".270",".291",".080","67.7",3.8,6.5,5.1,31.6,24.9,"84.9","17.8",2,1.4,26.8,"95.360603857","91.727261",22.2,43
"Benintendi, Andrew",643217,2025,30,420,470,101,63,16,2,20,82,40,17.4,8.5,".240",".431",".307","0.738","63","96","5","2","0","6","57","0",".234",".430",".317",".320",".305",".197","68.7",3.1,12.8,9.8,38.6,29.6,"88","20.1",38,11.1,36.9,"98.278448655","93.238830702",24.5,50.3
"Lux, Gavin",666158,2025,27,446,503,120,85,28,2,5,114,56,22.7,11.1,".269",".374",".350","0.724","53","115","3","0","0","1","49","1",".243",".336",".322",".299",".327",".092","69.6",5.1,12,9.8,34.5,28,"88.3","9.6",12,3.6,36.9,"97.799033473","93.010295676",21.6,42.7
"Iglesias, Jose",578428,2025,35,306,343,70,56,11,0,3,56,24,16.3,7,".229",".294",".298","0.592","36","87","7","0","4","2","29","1",".240",".313",".268",".281",".308",".074","68.9",9.3,7,5.9,31.6,26.3,"84","3.9",5,2,28.5,"96.076090484","92.044981089",17.8,45
"Witt Jr., Bobby",677951,2025,25,623,687,184,108,47,6,23,125,49,18.2,7.1,".295",".501",".351","0.852","88","143","7","8","0","7","99","1",".285",".508",".360",".365",".347",".222","74.3",45.2,19.9,15.5,34.7,27,"93.3","15.2",63,12.5,48.5,"103.906232271","96.610542829",23.9,51.1
"Tawa, Tim",694374,2025,26,199,225,40,25,8,0,7,64,20,28.4,8.9,".201",".347",".274","0.621","18","51","6","0","2","3","29","0",".206",".368",".273",".290",".284",".162","73.1",31,16.5,11.3,30.9,21.2,"89.2","6.8",13,9.3,42.1,"100.696969118","94.668478824",32.5,48.4
"Sosa, Lenyn",672820,2025,25,518,544,137,94,20,1,22,127,18,23.3,3.3,".264",".434",".293","0.727","75","140","11","0","1","3","57","0",".263",".467",".313",".326",".293",".204","72.6",26.3,16.2,12.7,34.4,26.9,"90.7","18.4",41,10.4,43.8,"100.914668265","94.870690765",23.5,51
"Robert Jr., Luis",673357,2025,27,382,431,85,59,12,0,14,112,40,26,9.3,".223",".364",".297","0.661","53","92","8","3","1","3","52","0",".246",".426",".289",".321",".319",".180","75.6",57.4,16.4,11.8,28.4,20.3,"89.4","18.2",28,10.3,41.6,"101.308583088","94.893475424",31.7,53.3
"Fraley, Jake",641584,2025,30,191,217,46,31,9,0,6,49,25,22.6,11.5,".241",".382",".332","0.714","23","44","1","1","0","0","31","0",".248",".369",".316",".315",".338",".121","71.6",16.2,10.4,7.9,26.9,20.6,"85.2","17.8",7,5,34.5,"98.280407465","93.180021915",24.2,47
"Story, Trevor",596115,2025,32,612,654,161,107,29,0,25,176,33,26.9,5,".263",".433",".308","0.741","96","171","3","1","1","1","91","2",".249",".421",".320",".311",".296",".173","71.1",14.2,16.4,11.6,31.2,22,"91.4","14.2",43,9.9,47,"102.418939954","95.643419306",29.3,54.4
"Kirk, Alejandro",672386,2025,26,451,506,127,94,18,0,15,59,48,11.7,9.5,".282",".421",".348","0.769","76","124","16","2","0","6","45","3",".278",".480",".334",".359",".348",".203","72.5",28.6,21.1,17.3,38.4,31.5,"91.1","11.9",40,10.1,50.8,"102.169605025","95.726454811",18.5,47.2
"Grichuk, Randal",545341,2025,33,272,293,62,34,18,1,9,61,17,20.8,5.8,".228",".401",".273","0.674","27","60","6","1","0","3","35","0",".259",".457",".289",".326",".305",".197","73.9",42.5,20,16.1,34.5,27.8,"92.4","17.6",25,11.7,49.5,"103.732042243","96.384131636",19.8,48.7
"Soler, Jorge",624585,2025,33,279,315,60,36,12,0,12,94,28,29.8,8.9,".215",".387",".293","0.680","34","58","5","0","0","3","31","1",".204",".387",".298",".294",".285",".183","74",41.2,16.4,12,29.2,21.3,"89.7","13.8",24,12.8,42,"101.751590213","95.016723457",30.1,44.5
"Meadows, Parker",678009,2025,25,191,213,41,29,6,2,4,56,21,26.3,9.9,".215",".330",".291","0.621","16","35","0","0","0","1","22","0",".225",".346",".277",".291",".303",".122","69.9",6.1,10.6,7.6,32.3,23.1,"86.9","12.5",7,5.2,30.9,"97.783717273","92.930370153",28.8,44.5
"Hernández, Heriberto",681715,2025,25,256,294,68,45,12,1,10,77,31,26.2,10.5,".266",".438",".347","0.785","45","72","6","0","0","4","40","0",".245",".435",".341",".334",".331",".190","73.4",37.4,18.6,12.5,35.2,23.6,"90.2","14.2",20,11,45.4,"101.299416264","95.054874807",35.2,45.2
"Sosa, Edmundo",624641,2025,29,243,261,67,43,12,1,11,56,10,21.5,3.8,".276",".469",".307","0.776","39","55","7","0","3","2","30","1",".245",".391",".332",".290",".279",".146","72.3",26.2,14.4,10.8,30.8,23,"87.7","9.4",12,6.3,38,"99.677737979","93.987724064",25.7,57.1
"Thomas, Alek",677950,2025,25,433,469,108,77,19,3,9,122,21,26,4.5,".249",".370",".289","0.659","38","113","2","0","6","4","51","0",".242",".372",".287",".289",".285",".130","71.2",14.5,16.4,12.2,34.1,25.3,"89.6","4.2",25,7.8,39.3,"100.704408917","94.569621821",28.7,52.9
"Caminero, Junior",691406,2025,21,602,653,159,86,28,0,45,125,41,19.1,6.3,".264",".535",".311","0.846","110","137","31","1","0","7","93","0",".255",".501",".357",".346",".307",".246","78.5",81.1,22.4,17.2,29.1,22.4,"92.4","10.7",68,14,51.4,"104.467588678","96.871000041",24.7,50.4
"Cowser, Colton",681297,2025,25,327,360,64,34,14,0,16,128,27,35.6,7.5,".196",".385",".269","0.654","40","73","5","1","0","0","36","0",".200",".404",".285",".293",".274",".203","73.6",33.3,16.5,11.2,33,22.5,"90.9","13.8",28,14.1,46,"101.565652323","95.12341401",34.6,42.4
"Volpe, Anthony",683011,2025,24,539,596,114,59,32,4,19,150,43,25.2,7.2,".212",".391",".272","0.663","72","158","10","0","3","7","65","0",".223",".405",".286",".301",".284",".182","72.6",28.6,15.5,11.8,33.5,25.4,"89.3","12.4",42,10.5,41.9,"100.214381212","94.48835443",25.1,45.9
"Anthony, Roman",701350,2025,21,257,303,75,48,18,1,8,84,40,27.7,13.2,".292",".463",".396","0.859","32","62","2","0","0","1","48","1",".258",".484",".376",".372",".369",".226","75.1",52.5,22.3,16.1,37,26.7,"94.5","6.9",27,15.6,60.3,"103.89544954","97.546625838",29.8,37.4
"Correa, Carlos",621043,2025,30,537,584,148,106,29,0,13,113,45,19.3,7.7,".276",".402",".332","0.734","52","133","19","0","0","1","63","0",".280",".439",".322",".338",".337",".159","73.8",37.9,18.3,14.5,31.5,24.9,"90.5","7.3",29,6.9,45.9,"102.338902322","95.568245592",22.3,46.4
"Carroll, Corbin",682998,2025,24,564,642,146,66,32,17,31,153,67,23.8,10.4,".259",".541",".343","0.884","84","119","6","4","0","4","107","0",".262",".529",".371",".372",".348",".267","74.7",45.6,19.4,14.9,30.4,23.3,"92.1","16.7",60,14.5,49.9,"103.729438309","96.452659346",24.8,48.9
"Suzuki, Seiya",673548,2025,30,571,651,140,74,31,3,32,164,71,25.2,10.9,".245",".478",".326","0.804","103","149","13","1","0","8","75","0",".247",".493",".343",".352",".330",".246","73.4",37.2,19.1,15.1,33.2,26.3,"91.3","17.9",69,16.6,48.7,"102.931278798","95.890233373",23.9,40.6
"Ohtani, Shohei",660271,2025,30,611,727,172,83,25,9,55,187,109,25.7,15,".282",".622",".392","1.014","102","93","9","20","0","2","146","1",".274",".649",".418",".425",".387",".375","75.8",61.9,26,17.8,36.4,25,"94.9","15",100,23.5,58.7,"106.126015352","98.277186118",33.4,45
"McCarthy, Jake",664983,2025,27,206,222,42,26,7,5,4,40,10,18,4.5,".204",".345",".247","0.592","20","48","2","0","3","1","18","0",".239",".374",".256",".286",".280",".135","69.8",7.8,9,7.2,33.5,27,"84.7","6.5",9,5.3,27.6,"96.21972175","92.14488327",21.1,49.4
"García, Adolis",666969,2025,32,507,547,115,68,28,0,19,135,28,24.7,5.1,".227",".394",".271","0.665","75","143","9","1","0","7","58","2",".232",".427",".286",".304",".278",".195","72.1",25.3,16.9,12.2,35.9,25.8,"92.1","16.3",44,11.6,46.7,"101.875197354","95.57270172",30.3,52.2
"Moniak, Mickey",666160,2025,27,434,461,117,65,20,8,24,110,22,23.9,4.8,".270",".518",".306","0.824","68","93","4","1","0","3","62","1",".262",".497",".348",".337",".299",".235","73.8",37.4,16.9,12.5,33.2,24.7,"89.7","17.4",45,13.8,45.3,"101.40795773","95.080857415",28.2,56.5
"Swanson, Dansby",621020,2025,31,590,645,144,93,24,3,24,168,47,26,7.3,".244",".417",".300","0.717","77","152","9","1","1","5","84","0",".267",".477",".310",".345",".323",".210","70.9",5.7,17,12.2,35.6,25.7,"90.5","13.3",50,11.7,47.8,"101.168222972","95.031771415",30.5,50.3
"Bart, Joey",663698,2025,28,285,332,71,54,12,1,4,93,40,28,12,".249",".340",".355","0.695","30","78","14","0","0","0","21","2",".222",".380",".317",".318",".332",".159","74.3",44.2,16.4,12,29.6,21.6,"88.4","9",20,10.4,43.2,"101.710723021","95.09948901",28,40.3
"d'Arnaud, Travis",518595,2025,36,213,231,42,23,13,0,6,74,13,32,5.6,".197",".343",".255","0.598","21","47","5","0","0","1","16","1",".192",".360",".263",".269",".252",".168","70.1",8,10.5,7.3,28.3,19.6,"88.2","17.9",16,11.4,37.9,"99.193355143","93.8755725",31.9,54.2
"Bauers, Jake",641343,2025,29,183,218,43,27,9,0,7,59,32,27.1,14.7,".235",".399",".353","0.752","28","58","1","1","0","1","28","0",".234",".457",".333",".354",".354",".223","76.5",71.4,16.9,13,27.8,21.4,"91.7","16.6",17,13.7,45.6,"102.321269516","95.787091138",26.4,43.1
"Bader, Harrison",664056,2025,31,448,501,124,82,24,1,17,136,39,27.1,7.8,".277",".449",".347","0.796","54","104","5","0","0","3","61","1",".220",".374",".346",".297",".298",".154","73.5",37.1,15.2,11,28.3,20.5,"87.2","12.7",32,10.2,40.3,"100.565887134","94.337735112",29,47.9
"Marsee, Jakob",805300,2025,24,209,234,61,35,18,3,5,48,22,20.5,9.4,".292",".478",".363","0.841","33","47","2","0","0","1","28","0",".275",".442",".363",".347",".350",".168","70.5",3.9,18.3,14.9,36.3,29.6,"88.9","10.9",13,8.1,41.4,"100.197952716","94.371443168",19.5,43.1
"Pasquantino, Vinnie",686469,2025,27,621,682,164,98,33,1,32,107,49,15.7,7.2,".264",".475",".323","0.798","113","198","14","5","0","5","72","0",".259",".463",".340",".334",".319",".205","72.5",26.4,18.2,15.1,36.2,30.1,"90.9","16.3",56,10.8,44.7,"101.339574109","95.022747112",18.2,48
"Doyle, Brenton",686668,2025,27,502,538,117,77,23,2,15,138,30,25.7,5.6,".233",".376",".274","0.650","57","107","14","0","2","4","57","1",".239",".415",".282",".300",".281",".177","70.8",6.3,15.8,11.5,36.5,26.5,"89.9","9.8",40,10.9,44.6,"101.00400956","94.812165962",29.7,50.4
"Arozarena, Randy",668227,2025,30,613,709,146,86,32,1,27,191,64,26.9,9,".238",".426",".334","0.760","76","145","9","2","0","5","95","2",".227",".417",".332",".327",".326",".190","72.3",29.8,18.3,13.3,35,25.4,"91.3","12.9",49,11.5,50.6,"102.490457934","95.926660471",29.7,44
"Turang, Brice",668930,2025,25,584,659,168,120,28,2,18,150,66,22.8,10,".288",".435",".359","0.794","81","144","3","1","2","5","97","1",".262",".429",".346",".335",".338",".167","70.6",18.1,14.3,11.6,34.3,27.8,"91.1","8.6",35,8,47.4,"100.614785374","94.892922904",21,44.3
"Reynolds, Bryan",668804,2025,30,587,654,144,87,38,3,16,173,57,26.5,8.7,".245",".402",".318","0.720","73","135","15","1","0","3","68","0",".259",".447",".315",".338",".331",".189","72.2",22.7,16.4,12.1,32.9,24.1,"91.2","7.3",42,10.1,46,"101.932535192","95.465817885",29.4,49.6
"Campbell, Kristian",692225,2025,23,229,263,51,35,10,0,6,72,29,27.4,11,".223",".345",".319","0.664","21","67","1","0","0","1","24","0",".221",".338",".299",".296",".318",".118","73.3",39,17.1,12.8,30.5,22.8,"88.6","4.7",8,5.1,41.8,"100.531882308","94.411397756",27.3,42.1
"Chapman, Matt",656305,2025,32,454,535,105,59,23,2,21,126,71,23.6,13.3,".231",".430",".340","0.770","61","120","8","1","0","4","76","1",".243",".417",".336",".340",".352",".174","75",50.8,18,13.7,30,22.8,"92.2","15.7",33,9.9,47.6,"102.936609458","95.951665392",25.3,42.4
"Hayes, Ke'Bryan",663647,2025,28,527,570,124,100,16,3,5,111,36,19.5,6.3,".235",".306",".290","0.596","49","141","12","1","1","1","50","0",".238",".342",".266",".282",".295",".104","71.2",11.8,16.5,13.3,37.6,30.2,"89.3","8.5",19,4.6,42.5,"99.789439561","94.118686822",19.9,44.1
"Alvarez, Francisco",682626,2025,23,246,277,63,39,12,1,11,73,27,26.4,9.7,".256",".447",".339","0.786","32","60","6","0","0","0","32","0",".229",".437",".343",".326",".315",".208","74",40.8,22,14.9,37.7,25.6,"93.1","9.6",21,12.1,54.3,"103.450256092","96.632659422",34.6,45.8
"Greene, Riley",682985,2025,24,600,655,155,87,31,1,36,201,46,30.7,7,".258",".493",".313","0.806","111","156","14","1","0","5","84","0",".239",".494",".343",".335",".296",".255","75.6",57.2,15.1,10.4,24.6,17,"89.9","15",69,17.1,45.5,"102.573683564","95.50996453",30.9,52.6
"Ramos, Heliot",671218,2025,25,620,695,159,113,24,1,21,158,52,22.7,7.5,".256",".400",".328","0.728","69","125","16","2","0","6","85","0",".242",".417",".319",".320",".317",".175","74",44.7,18.2,13.9,32.7,25,"91.8","11.5",41,8.8,47.4,"102.515755862","95.752323082",25.3,47.8
"Contreras, Willson",575929,2025,33,490,563,126,74,31,1,20,142,44,25.2,7.8,".257",".447",".344","0.791","80","136","15","1","1","4","70","1",".257",".488",".344",".358",".344",".231","76",62.1,18.3,13.2,29.1,21,"90.6","12.3",49,13.9,49,"103.153936457","96.033080457",28.9,48.5
"McNeil, Jeff",643446,2025,33,399,462,97,59,21,5,12,55,49,11.9,10.6,".243",".411",".335","0.746","54","97","5","4","2","4","42","1",".266",".395",".324",".330",".355",".130","70.7",10.2,9.1,7.8,31.4,26.9,"87.2","15.9",18,5.1,32.9,"97.362971437","92.810539654",16.6,52.9
"Espinal, Santiago",669289,2025,30,301,328,73,61,12,0,0,38,21,11.6,6.4,".243",".282",".292","0.574","16","69","11","0","3","2","25","0",".229",".287",".259",".254",".280",".059","68.5",2,7.3,6.4,36.9,32.1,"86.5","15.1",2,0.7,25.7,"95.861426183","91.96218977",14.1,45.2
"Edman, Tommy",669242,2025,30,346,377,78,51,13,1,13,61,19,16.2,5,".225",".382",".274","0.656","49","76","4","0","1","5","49","1",".274",".411",".284",".321",".322",".137","70.2",12,16,13.1,37.7,30.7,"88.3","11.8",13,4.5,39.9,"99.368114861","93.911672648",19.8,48
"Naylor, Josh",647304,2025,28,543,604,160,110,29,1,20,83,48,13.7,7.9,".295",".462",".353","0.815","92","148","17","4","0","5","81","2",".271",".436",".351",".335",".335",".166","71",17.9,16.3,13,39.2,31.2,"89.2","11.6",31,6.7,41.9,"100.123963879","94.317973693",22.1,53.9
"Harper, Bryce",547180,2025,32,501,580,131,72,32,0,27,121,70,20.9,12.1,".261",".487",".357","0.844","75","116","5","6","0","3","72","0",".268",".492",".361",".368",".364",".224","74.2",44.3,18.4,13.1,30.1,21.4,"91.3","11.6",47,12.3,47.5,"102.783123874","95.800004672",30.7,54.2
"Horwitz, Spencer",687462,2025,27,364,411,99,62,26,0,11,73,44,17.8,10.7,".272",".434",".353","0.787","51","87","7","1","0","1","55","0",".251",".407",".344",".326",".335",".157","68.5",7.1,8.9,7.4,31.9,26.6,"87.4","15.6",24,8.3,36,"98.063965931","93.094774414",17.8,46.3
"Vaughn, Andrew",683734,2025,27,406,447,103,67,22,0,14,80,31,17.9,6.9,".254",".411",".307","0.718","65","118","12","0","1","6","35","0",".273",".479",".311",".349",".329",".206","70.7",12.2,18.2,14.6,40,31.9,"91.6","13.3",40,12,47.7,"101.722005241","95.420312018",21.7,46.9
"Perez, Salvador",521692,2025,35,597,641,141,76,35,0,30,125,28,19.5,4.4,".236",".446",".284","0.730","100","161","14","5","0","1","54","1",".269",".534",".311",".357",".314",".266","72.9",30.5,17.5,13.1,32.5,24.4,"90","18.1",70,14.8,46.7,"102.06590789","95.318358013",26.9,57.4
"Stephenson, Tyler",663886,2025,28,299,342,69,38,18,0,13,116,37,33.9,10.8,".231",".421",".316","0.737","50","70","4","1","0","4","40","0",".216",".413",".319",".313",".306",".197","70.1",4.9,14.2,10.3,31.6,22.9,"90.5","12.9",27,14.5,49.2,"100.887212903","94.951515484",30.6,43.6
"Bailey, Patrick",672275,2025,26,409,452,91,64,18,3,6,133,30,29.4,6.6,".222",".325",".277","0.602","55","121","7","0","4","6","47","3",".210",".333",".265",".264",".266",".123","71.6",15.8,13.3,9.8,31.1,22.9,"88.2","15.6",16,5.6,36.4,"98.882488071","93.543761039",28.6,49.4
"Call, Alex",669743,2025,30,270,322,72,52,13,2,5,55,36,17.1,11.2,".267",".385",".361","0.746","31","65","6","0","6","4","43","0",".243",".369",".331",".321",".344",".126","66.1",1.6,11.3,9.3,45.8,37.8,"88.2","12.4",10,4.5,28.9,"97.303531852","92.783138698",19.2,38.5
"Pérez, Wenceel",672761,2025,25,344,383,84,50,17,4,13,87,31,22.7,8.1,".244",".430",".308","0.738","43","82","5","0","0","5","47","0",".242",".393",".318",".310",".309",".152","70.5",8.5,14.3,10.6,37.1,27.6,"90.3","18.4",23,8.8,40.1,"99.315106565","93.97487416",26,49.3
"Carpenter, Kerry",681481,2025,27,433,464,109,60,18,5,26,106,18,22.8,3.9,".252",".497",".291","0.788","62","86","3","0","0","2","66","0",".252",".493",".335",".335",".294",".241","71.9",18.2,16.4,12.5,38.3,29.3,"91.4","21",41,12.6,46.8,"101.150892761","95.204968523",26.2,52.9
"Carter, Evan",694497,2025,22,194,220,48,32,9,2,5,41,19,18.6,8.6,".247",".392",".336","0.728","25","50","2","1","0","0","31","0",".241",".360",".321",".308",".331",".119","70",8.3,13.8,10.5,37.2,28.3,"86.7","13.7",9,5.9,34.6,"98.081147895","93.040980197",25.5,44.3
"Moreno, Gabriel",672515,2025,25,277,309,79,57,12,1,9,53,29,17.2,9.4,".285",".433",".353","0.786","40","70","6","3","0","2","44","0",".279",".453",".340",".346",".349",".174","70.9",15.9,13.5,11.4,36.9,31.1,"90.4","14.4",16,7.1,43.4,"99.634329735","94.171203067",18,44
"Bogaerts, Xander",593428,2025,32,491,552,129,88,30,0,11,94,48,17,8.7,".263",".391",".328","0.719","53","121","12","3","1","8","63","0",".267",".413",".313",".327",".336",".146","72.2",26,15.7,12.6,36.3,29,"89","11.1",28,6.9,39.2,"100.19021209","94.233073607",21.3,41.9
"Fortes, Nick",663743,2025,28,218,242,50,35,9,1,5,47,14,19.4,5.8,".229",".349",".296","0.645","21","50","7","0","2","1","19","0",".215",".322",".286",".270",".282",".107","72",19.6,12.1,9.9,29.3,24.1,"87.5","13.4",8,4.6,37.9,"99.24272869","93.641201726",18.9,47.5
"Steer, Spencer",668715,2025,27,509,568,121,77,21,2,21,129,51,22.7,9,".238",".411",".312","0.723","75","130","12","0","1","2","66","0",".219",".361",".316",".293",".297",".142","70.9",7.1,10,7.6,30.1,22.9,"87.3","18.8",29,7.6,33.2,"97.843391958","93.000497056",25,48
"Caglianone, Jac",695506,2025,22,210,232,33,19,6,1,7,52,18,22.4,7.8,".157",".295",".237","0.532","18","40","4","0","0","0","19","0",".237",".431",".239",".321",".309",".194","77.4",73.5,19.9,15.1,25.9,19.6,"89.4","4.1",19,12,42.4,"102.891404557","95.64711057",26.8,51.3
"Collins, Isaac",686555,2025,27,372,441,98,64,22,3,9,93,57,21.1,12.9,".263",".411",".368","0.779","54","95","8","0","3","3","56","2",".246",".359",".344",".322",".354",".113","72.7",22.5,14,11.1,30.4,24.2,"88.8","12.2",14,4.9,38.9,"99.896805357","94.13021853",22.5,43.1
"Castro, Willi",650489,2025,28,402,454,91,60,17,3,11,111,40,24.4,8.8,".226",".366",".313","0.679","33","81","12","1","1","0","58","0",".234",".368",".302",".306",".321",".133","71.6",21.1,12.5,9.1,27.7,20.1,"86.7","11.2",19,6.5,37.3,"99.398738493","93.724594674",28.2,52.4
"Mullins, Cedric",656775,2025,30,435,498,94,53,23,1,17,120,50,24.1,10,".216",".391",".299","0.690","59","94","2","0","3","6","58","0",".207",".340",".302",".284",".294",".133","71.1",11,11.6,9,29.5,22.9,"88.8","23.3",20,6.2,35.9,"98.760333806","93.525071065",23.1,48.3
"Bohm, Alec",664761,2025,28,464,504,133,101,18,3,11,82,29,16.3,5.8,".287",".409",".331","0.740","59","123","16","0","0","6","53","0",".275",".413",".322",".324",".325",".139","71.7",18.2,17.3,14.9,37.5,32.5,"90.8","6.8",24,6.2,46.4,"100.707635803","94.852393109",14.6,48.2
"Schwarber, Kyle",656941,2025,32,604,724,145,64,23,2,56,197,108,27.2,14.9,".240",".563",".365","0.928","132","165","4","6","0","1","111","0",".249",".581",".391",".401",".373",".333","77.3",77.1,24.7,17.5,32.2,22.8,"94.3","20.1",85,20.8,59.6,"105.678659216","98.063659265",33.1,41.8
"Burleson, Alec",676475,2025,26,497,546,144,98,26,2,18,79,39,14.5,7.1,".290",".459",".343","0.802","69","119","14","1","1","4","54","1",".272",".471",".346",".345",".329",".199","72.4",29.2,18.7,15.8,39.1,32.9,"91","15.2",40,9.5,43,"101.386484258","95.130209592",17.9,49.3
"Carlson, Dylan",666185,2025,26,217,241,44,28,9,1,6,54,21,22.4,8.7,".203",".336",".278","0.614","20","43","3","0","0","1","17","0",".214",".357",".273",".285",".288",".144","68.7",4.5,9.6,7.5,34.2,26.8,"88.4","16.7",11,6.7,30.5,"97.553371852","92.871209136",22.9,45.2
"Smith, Josh",669701,2025,27,495,563,124,89,23,2,10,100,55,17.8,9.8,".251",".366",".335","0.701","35","104","3","2","3","1","70","0",".247",".366",".311",".310",".332",".119","69.1",3.7,10.5,8.4,33.9,27.3,"87.2","12.7",20,5,31.1,"97.379499592","92.713932653",19.6,45.5
"Cronenworth, Jake",630105,2025,31,419,515,103,71,20,1,11,107,69,20.8,13.4,".246",".377",".367","0.744","59","108","4","1","4","7","61","1",".225",".353",".333",".319",".352",".128","70.9",15.5,11.9,9.7,30.2,24.6,"88.5","14.9",20,6.2,39,"99.15448481","93.790989905",18.8,42.7
"McKinstry, Zach",656716,2025,30,452,511,117,71,23,11,12,111,46,21.7,9,".259",".438",".333","0.771","49","105","6","1","1","5","68","0",".247",".358",".333",".305",".324",".111","67.5",1.9,9,7,30.9,24.1,"85.7","14.1",21,6.1,30.5,"96.985648092","92.494690578",22.8,46.7
"Muncy, Max",571970,2025,34,313,388,76,45,10,2,19,83,64,21.4,16.5,".243",".470",".376","0.846","67","84","4","2","0","5","48","1",".238",".497",".366",".374",".374",".259","71.2",14.5,16,12.3,32.3,24.7,"91.3","19.6",32,13.6,51.5,"101.909755678","95.532473957",23.5,42.4
"Toglia, Michael",669911,2025,26,306,337,58,31,15,1,11,132,28,39.2,8.3,".190",".353",".258","0.611","32","62","7","2","0","2","22","0",".199",".351",".265",".271",".268",".152","72.7",22.7,13.2,8.7,26.6,17.6,"89.9","17.7",18,10.4,43.2,"100.796186437","94.757682428",37.3,48.9
"Varsho, Daulton",662139,2025,28,248,271,59,24,13,2,20,77,17,28.4,6.3,".238",".548",".284","0.832","55","66","1","1","0","5","43","0",".226",".494",".345",".327",".279",".267","75.6",56.2,15,10.6,28.8,20.4,"89.9","23.5",28,15.9,40.3,"101.929371512","95.29886564",29.8,54.8
"Smith, Pavin",656976,2025,29,244,288,63,37,17,1,8,92,41,31.9,14.2,".258",".434",".362","0.796","28","59","7","1","0","2","36","0",".215",".398",".348",".319",".327",".183","72",21.6,14.7,10.5,31.3,22.3,"90.1","12.4",18,11.7,46.1,"100.556484935","94.576743052",31.8,40.6
"Taylor, Tyrone",621438,2025,31,310,341,69,46,18,3,2,76,16,22.3,4.7,".223",".319",".279","0.598","27","65","4","1","3","2","34","0",".257",".364",".264",".298",".311",".107","70.3",9.9,12,9.6,30.9,24.5,"86.5","19.4",9,3.8,35.1,"98.271444237","93.188807331",22.7,49.1
"Domínguez, Jasson",691176,2025,22,381,429,98,69,18,1,10,115,41,26.8,9.6,".257",".388",".331","0.719","47","103","5","1","0","4","58","1",".237",".370",".316",".306",".316",".133","74.1",38.5,17.3,12.7,29,21.3,"90.6","13",19,7,49.6,"102.212663185","95.648499111",27.2,50.4
"Wells, Austin",669224,2025,25,401,448,88,44,22,1,21,118,30,26.3,6.7,".219",".436",".275","0.711","71","112","10","0","0","11","51","0",".214",".399",".302",".294",".276",".185","73.4",31.2,16.8,12.5,29.6,22.1,"90.6","20.7",30,10.2,45.2,"101.709094658","95.230029897",27.4,50.7
"Ruiz, Keibert",660688,2025,26,255,267,63,49,12,0,2,26,8,9.7,3,".247",".318",".277","0.595","25","66","4","0","0","1","19","0",".271",".351",".262",".287",".301",".080","66.1",1,8.2,7.3,44.3,39.4,"86.2","11.3",5,2.2,30.9,"96.142920957","92.090094629",12.8,52.8
"Kiner-Falefa, Isiah",643396,2025,30,431,459,113,88,21,2,2,77,17,16.8,3.7,".262",".334",".297","0.631","40","103","9","0","5","1","45","1",".245",".304",".279",".262",".281",".059","66.6",1.2,9,7.7,34.4,29.6,"84.6","4",5,1.4,27.5,"95.949940457","91.999728395",15.1,49.1
"Moore, Dylan",664238,2025,32,219,243,44,28,5,0,11,82,20,33.7,8.2,".201",".374",".267","0.641","25","49","1","0","0","3","35","0",".191",".326",".280",".262",".261",".134","71.8",15,10.5,7.2,25.7,17.6,"84.8","21.3",12,8.6,34.3,"97.881551857","92.946941714",33.3,48.7
"Laureano, Ramón",657656,2025,30,441,488,124,72,26,2,24,119,35,24.4,7.2,".281",".512",".342","0.854","76","121","10","1","0","4","72","1",".270",".518",".364",".362",".333",".248","72.2",22.3,16.5,12.3,31.7,23.7,"90.3","13.4",45,13.9,49.1,"102.249268272","95.596059444",27.4,47.7
"Smith, Will",669257,2025,30,362,436,107,69,20,1,17,89,64,20.4,14.7,".296",".497",".404","0.901","61","95","7","1","0","5","64","2",".269",".496",".389",".378",".382",".227","69.8",6.2,16.3,13,36,28.5,"91.3","18.4",34,12.2,47.1,"101.332929281","95.105303022",22.2,38.8
"Cruz, Oneil",665833,2025,26,471,544,94,53,18,3,20,174,64,32,11.8,".200",".378",".298","0.676","61","114","6","4","0","5","62","0",".218",".425",".295",".324",".317",".207","78.8",78.3,24.7,16.7,32.3,21.8,"95.8","8.1",54,18,56.6,"107.307978467","98.8072552",34,41.6
"Shaw, Matt",807713,2025,23,393,437,89,52,21,3,13,94,38,21.5,8.7,".226",".394",".295","0.689","44","86","2","0","0","4","57","2",".237",".375",".300",".302",".307",".138","69.6",11.5,10.2,8.1,28.2,22.5,"84.9","13.4",21,7,29.4,"96.793366467","92.432072809",22.5,48
"Saggese, Thomas",695336,2025,23,275,295,71,52,17,0,2,83,16,28.1,5.4,".258",".342",".299","0.641","25","73","5","0","1","2","25","0",".239",".350",".282",".280",".284",".111","69.8",6,13,9.7,32.6,24.2,"90.2","12.9",11,5.6,44.1,"99.925035361","94.561153679",26.5,50.3
"Soderstrom, Tyler",691016,2025,23,561,624,155,95,34,1,25,141,55,22.6,8.8,".276",".474",".346","0.820","93","169","18","2","0","2","75","1",".261",".457",".354",".341",".333",".196","74",37.9,20.8,15.9,33,25.2,"91.6","7.9",48,11.4,49.8,"103.023677143","96.015814678",25.4,48.9
"Arias, Gabriel",672356,2025,25,432,471,95,57,25,2,11,162,27,34.4,5.7,".220",".363",".274","0.637","54","89","8","1","1","4","44","0",".214",".385",".278",".286",".272",".171","75.1",52.7,16.2,9.9,27.5,16.8,"90.2","6.1",31,11.3,43.3,"102.355979412","95.517852978",40.5,57.3
"Pham, Tommy",502054,2025,37,392,449,96,68,17,1,10,94,50,20.9,11.1,".245",".370",".330","0.700","52","96","12","3","0","5","44","1",".246",".396",".308",".318",".332",".149","73.4",32.8,18.2,14.3,37.2,29.2,"91.6","6.9",20,6.6,47.2,"102.224109934","95.517309701",22.9,42.7
"Gurriel Jr., Lourdes",666971,2025,31,500,546,124,79,24,2,19,76,31,13.9,5.7,".248",".418",".295","0.713","80","138","11","0","0","9","52","3",".256",".420",".307",".315",".306",".164","70.6",9.6,12.9,10.6,35.2,28.9,"87.8","16.3",31,7.2,38.3,"99.058751759","93.630561528",20.2,52.3
"Wilson, Jacob",805779,2025,23,486,523,151,112,26,0,13,39,27,7.5,5.2,".311",".444",".355","0.799","63","116","16","1","2","1","62","2",".277",".364",".348",".304",".324",".087","63.9",0.3,4,3.6,41.4,37.5,"84.6","8.8",10,2.2,24.7,"95.136633108","91.576810226",9.6,49.9
"Wood, James",695578,2025,22,598,689,153,84,38,0,31,221,85,32.1,12.3,".256",".475",".350","0.825","94","147","12","8","0","3","87","2",".259",".493",".353",".361",".354",".233","76",62.7,22.7,15.9,33.6,23.5,"94.3","6.3",62,16.4,56.3,"106.446259788","98.230447241",32.9,40.2
"Benson, Will",666181,2025,27,230,253,52,30,8,2,12,67,16,26.5,6.3,".226",".435",".273","0.708","41","57","4","1","0","6","31","1",".257",".496",".298",".342",".307",".238","71.8",18.6,19.4,13.3,37.4,25.7,"92.4","16.1",26,15.4,53.8,"102.907826588","96.242418757",34.4,52.9
"Duran, Ezequiel",677649,2025,26,205,219,46,32,14,0,0,55,8,25.1,3.7,".224",".293",".266","0.559","14","47","3","0","1","1","16","0",".214",".295",".249",".247",".258",".081","71.5",17.2,11.6,8.8,28.5,21.7,"85.3","15.2",4,2.6,30.9,"97.791035753","92.897366027",24.4,54.3
"Bichette, Bo",666182,2025,27,582,628,181,118,44,1,18,91,40,14.5,6.4,".311",".483",".357","0.840","94","147","17","2","0","3","78","0",".295",".473",".361",".353",".344",".179","69.1",9.4,15.5,12.8,34.6,28.5,"91","8.2",39,7.9,48.8,"101.819073862","95.502667967",18.4,53.1
"Crow-Armstrong, Pete",691718,2025,23,591,647,146,74,37,4,31,155,29,24,4.5,".247",".481",".287","0.768","95","149","1","1","6","12","91","0",".242",".475",".323",".321",".284",".233","72.7",28.5,14.7,10.8,30.1,22.2,"89.5","20",59,13.1,41.6,"100.676597945","94.609790365",28.9,60.1
"Walker, Jordan",691023,2025,23,363,396,78,58,13,1,6,126,29,31.8,7.3,".215",".306",".278","0.584","41","97","9","1","0","1","40","1",".207",".363",".260",".278",".271",".155","78.1",77.8,20,13.6,26.7,18.1,"92.3","10.3",26,10.9,50,"104.361880756","96.653513613",35.6,49.4
"Walls, Taylor",670764,2025,28,282,317,62,43,14,1,4,70,26,22.1,8.2,".220",".319",".280","0.599","38","77","1","0","3","6","36","2",".210",".309",".265",".261",".273",".099","68.8",2.2,7.2,5.7,35.1,27.5,"87","15.1",7,3.2,26.4,"96.119638571","92.100255905",20.3,45.9
"Kelly, Carson",608348,2025,30,369,421,92,61,13,1,17,80,45,19,10.7,".249",".428",".333","0.761","50","114","11","0","0","4","48","1",".236",".411",".332",".321",".322",".175","70.4",6.3,14.8,11.7,35,27.6,"88.8","16.4",28,9.6,40.3,"99.757056939","94.178120819",20.6,44.9
"Arenado, Nolan",571448,2025,34,401,436,95,64,18,1,12,49,28,11.2,6.4,".237",".377",".289","0.666","52","110","10","4","0","4","48","2",".245",".366",".287",".289",".298",".122","71.4",16.9,11.4,9.7,34,28.8,"86.8","19",14,4,32.6,"97.232838983","92.648981303",17.9,49.1
"Hicks, Liam",689414,2025,26,332,390,82,62,13,1,6,56,43,14.4,11,".247",".346",".346","0.692","45","92","5","0","3","3","37","0",".244",".350",".313",".315",".346",".106","67.4",2.6,8.8,7.6,41.3,35.6,"84.6","10.6",10,3.6,27.7,"96.015787174","92.008309275",15.1,37.4
"McMahon, Ryan",641857,2025,30,509,586,109,65,23,1,20,189,70,32.3,11.9,".214",".381",".312","0.693","53","125","7","1","0","3","62","1",".219",".419",".306",".322",".318",".201","74",40.1,17,11.4,31.3,21,"93.3","13.9",39,12.1,50.5,"102.856311911","96.350240575",35.2,45.4
"Quero, Edgar",700337,2025,22,365,403,98,76,17,0,5,71,32,17.6,7.9,".268",".356",".333","0.689","36","88","8","0","0","2","31","0",".236",".346",".307",".290",".304",".110","67.5",1.4,15,11.9,43.3,34.4,"90.4","6.8",11,3.7,46.3,"99.759928311","94.349440405",21,46.4
"Rocchio, Brayan",677587,2025,24,344,383,80,55,18,2,5,77,22,20.1,5.7,".233",".340",".290","0.630","44","81","4","0","4","5","34","1",".246",".358",".278",".295",".306",".113","70",6.8,13.3,10,36.6,27.4,"88","11",9,3.3,35.5,"98.267840896","93.292344494",24,51.4
"Montgomery, Colson",695657,2025,23,255,284,61,30,9,1,21,83,25,29.2,8.8,".239",".529",".311","0.840","55","75","3","1","0","1","43","0",".230",".501",".355",".341",".303",".271","77",71.7,17.6,12.3,25.7,18,"89.4","18",25,14.5,44.5,"103.036108506","95.789749711",31.5,50.7
"Frelick, Sal",686217,2025,25,528,594,152,117,20,3,12,80,47,13.5,7.9,".288",".405",".351","0.756","63","123","4","0","3","5","76","0",".255",".339",".332",".299",".324",".084","68.2",5.4,7.3,6.5,33.5,29.7,"85.5","12.1",14,3.1,27.4,"96.058504215","92.02970778",12.8,44.1
"Castellanos, Nick",592206,2025,33,547,589,137,91,27,2,17,133,32,22.6,5.4,".250",".400",".294","0.694","72","140","13","0","0","6","72","1",".242",".408",".300",".302",".290",".165","70.5",16.9,11.9,8.5,32.2,22.9,"87.8","15.2",32,7.6,34.5,"98.623467608","93.407329952",29.9,58.8
"Sweeney, Trey",700242,2025,25,296,326,58,44,6,2,6,92,26,28.2,8,".196",".291",".258","0.549","32","73","2","0","0","4","36","0",".191",".295",".245",".245",".254",".104","73.6",29.1,13.4,9.8,26.8,19.7,"87.9","11.9",14,6.8,35.1,"98.832125049","93.46450932",28,51
"Aranda, Jonathan",666018,2025,27,370,422,117,81,22,0,14,107,41,25.4,9.7,".316",".489",".393","0.882","59","90","9","3","0","3","56","1",".291",".515",".381",".382",".374",".224","70.5",13.7,16.7,12.7,32.1,24.5,"93","14.5",34,12.9,54.5,"102.687689924","96.267280418",24.9,48.6
"Schmitt, Casey",669477,2025,26,312,348,74,47,15,0,12,83,27,23.9,7.8,".237",".401",".305","0.706","40","70","6","1","1","3","34","0",".256",".436",".307",".328",".323",".180","71.7",20.6,14.1,10.7,30.5,23.1,"89.5","19.2",21,9,43.8,"100.706954224","94.593324009",25.8,51.6
"Mead, Curtis",678554,2025,24,240,264,56,42,10,1,3,63,15,23.9,5.7,".233",".321",".299","0.620","19","53","9","0","0","1","26","0",".232",".350",".278",".289",".299",".118","73.3",37.2,11.6,9.5,28.6,23.3,"87.5","17.1",8,4.5,34.8,"98.795073295","93.488545114",21.1,48
"Isbel, Kyle",664728,2025,28,368,409,94,70,16,4,4,74,23,18.1,5.6,".255",".353",".301","0.654","33","77","7","0","13","3","42","0",".220",".290",".287",".251",".269",".070","70.5",9.2,15.1,12.5,33.4,27.6,"87.8","8.7",5,1.6,36.1,"99.661835734","93.907481368",18.2,46.5
"Duran, Jarren",680776,2025,28,620,696,159,89,41,13,16,169,60,24.3,8.6,".256",".442",".332","0.774","84","147","6","1","1","3","86","0",".248",".410",".335",".326",".327",".162","74.8",47.5,19.4,14.2,32,23.4,"91.8","12",44,9.7,46.8,"103.158389163","96.0558783",29.3,47.2
"Bellinger, Cody",641355,2025,29,588,656,160,101,25,5,29,90,57,13.7,8.7,".272",".480",".334","0.814","98","141","8","1","0","9","89","0",".250",".425",".347",".323",".317",".175","70.1",6.5,12.6,10.4,33.9,28.1,"88.3","18.5",38,7.5,37.9,"98.690370317","93.444149405",18.1,48.3
"Yoshida, Masataka",807799,2025,31,188,205,50,35,11,0,4,24,10,11.7,4.9,".266",".388",".307","0.695","26","52","3","0","0","4","16","0",".270",".384",".302",".314",".317",".115","71.9",21.4,20.1,17.5,46.6,40.7,"90.2","5.7",11,6.6,44,"100.498389286","94.589775269",15.4,44.5
"Realmuto, J.T.",592663,2025,34,502,550,129,90,26,1,12,129,35,23.5,6.4,".257",".384",".315","0.699","52","112","13","1","0","3","57","0",".253",".411",".307",".316",".313",".158","72",26.3,15,11.5,30.4,23.4,"90","11.1",33,8.8,45.5,"101.254721596","94.894975239",24.3,48.6
"Caballero, José",676609,2025,28,314,370,74,50,18,1,5,98,47,26.5,12.7,".236",".347",".339","0.686","36","78","1","0","4","2","52","1",".218",".332",".309",".299",".324",".115","69.1",10.6,8.9,6.5,29.2,21.6,"86","17.4",13,5.9,30.6,"97.838589423","92.958973317",26.7,45
"Winn, Masyn",691026,2025,23,491,537,124,88,27,0,9,102,34,19,6.3,".253",".363",".310","0.673","51","111","11","0","2","2","72","0",".240",".347",".297",".286",".298",".107","71.1",17.3,11.7,9.5,31.2,25.4,"88.3","16",19,4.8,34.6,"98.797379897","93.446512558",19.6,45.3
"Toro, Abraham",647351,2025,28,259,284,62,42,13,0,7,42,14,14.8,4.9,".239",".371",".289","0.660","27","57","1","1","0","5","33","0",".253",".376",".286",".302",".309",".123","69.6",6,11.3,9.1,32.9,26.6,"86.3","13.4",10,4.5,34.2,"97.83336","92.947994955",20.4,49.6
"Hassell III, Robert",690987,2025,23,197,206,44,32,9,0,3,62,8,30.1,3.9,".223",".315",".257","0.572","18","53","4","0","0","0","22","0",".226",".369",".252",".273",".260",".143","68.7",1.8,10.9,7.8,32.6,23.4,"88.6","7.2",11,8.2,40.7,"99.261806818","93.737415496",28.8,50.9
"Marte, Ketel",606466,2025,31,480,556,136,80,28,0,28,83,64,14.9,11.5,".283",".517",".376","0.893","72","121","12","6","0","3","87","0",".285",".534",".381",".390",".379",".249","74.6",45.5,19.3,15.2,35.6,28,"90.8","14.8",54,13.5,47,"102.65931603","95.815528287",22.5,45.3
"Marte, Noelvi",682622,2025,23,339,360,89,56,17,2,14,85,16,23.6,4.4,".263",".448",".300","0.748","51","87","7","0","0","2","45","2",".245",".418",".321",".304",".285",".173","73.3",33.2,15.7,11.7,32.5,24.4,"88.5","12.7",23,9.1,36.3,"99.982802857","94.081349283",27.1,51.8
"Gonzales, Nick",693304,2025,26,381,408,99,73,18,3,5,73,21,17.9,5.1,".260",".362",".299","0.661","30","87","12","0","0","4","39","1",".254",".368",".289",".291",".295",".114","70.5",13.5,13.2,10.2,35.6,27.5,"88.8","9.1",14,4.5,38.8,"99.501335385","94.022817942",24.7,57.4
"Baldwin, Drake",686948,2025,24,405,446,111,72,18,2,19,68,38,15.2,8.5,".274",".469",".341","0.810","80","113","9","0","0","0","56","1",".272",".480",".351",".353",".339",".208","75.3",56.4,19,15.6,31.2,25.6,"91.7","6.5",37,11,49.6,"102.167061775","95.60419003",19.5,49.5
"Acuña Jr., Ronald",660670,2025,27,338,412,98,64,12,1,21,102,71,24.8,17.2,".290",".518",".417","0.935","42","57","5","4","0","0","74","0",".263",".535",".403",".397",".396",".272","76.4",67.3,19.9,14.1,28.3,20.1,"92.7","13.3",37,15.7,52.5,"105.047340254","97.260763686",30.3,46.2
"Raleigh, Cal",663728,2025,28,596,705,147,63,24,0,60,188,97,26.7,13.8,".247",".589",".359","0.948","125","131","6","17","0","3","110","0",".231",".547",".392",".371",".346",".316","75.2",54.7,17.4,12.5,27.8,19.9,"91.3","25.2",80,19.5,49.6,"103.037930049","96.182622409",31.5,51.7
"Torrens, Luis",620443,2025,29,261,283,59,39,14,1,5,56,19,19.8,6.7,".226",".345",".284","0.629","29","56","7","0","1","0","20","0",".274",".454",".278",".338",".328",".180","70.8",8.9,17.9,14.5,36.1,29.1,"90.6","6.2",22,10.7,48.1,"100.939072718","94.984531902",20.7,49.3
"Kemp, Otto",805249,2025,25,197,218,46,27,11,0,8,67,12,30.7,5.5,".234",".411",".298","0.709","28","40","4","0","0","2","26","0",".231",".418",".308",".310",".296",".187","72.7",26.3,15.4,10.4,32.1,21.6,"89.9","11.5",16,12.1,44.7,"100.840276818","94.728175344",34.3,51.3
"Wade Jr., LaMonte",664774,2025,31,209,242,35,23,8,2,2,58,27,24,11.2,".167",".254",".271","0.525","18","54","2","1","2","1","19","1",".205",".321",".241",".281",".304",".116","70",7.8,10.8,8.6,34.5,27.5,"89.7","21.9",7,4.5,31.8,"98.244666579","93.396152434",22.8,40.9
"Schneider, Davis",676914,2025,26,188,227,44,28,5,0,11,60,36,26.4,15.9,".234",".436",".361","0.797","31","44","4","0","0","1","33","0",".188",".409",".351",".323",".324",".221","71.5",16.5,12.3,9.2,30.4,22.7,"90.8","24.2",18,14,41.1,"100.329632154","94.696231395",28.5,42.7
"Walker, Christian",572233,2025,34,585,640,139,87,24,1,27,177,40,27.7,6.3,".238",".421",".297","0.718","88","151","10","1","0","4","72","1",".233",".435",".310",".314",".294",".203","74.1",41.9,16.4,11.9,28.9,21,"90.9","16.9",53,12.9,46.1,"102.499785971","95.668558155",30.5,52.2
"Waters, Drew",671221,2025,26,206,219,50,40,6,3,1,60,11,27.4,5,".243",".316",".288","0.604","14","52","2","0","0","0","21","0",".232",".318",".268",".265",".278",".086","71.6",17.8,10,7.1,27.5,19.5,"86","9.1",6,4.1,28.8,"97.434472083","92.746290972",30.3,56.5
"Vargas, Miguel",678246,2025,25,504,569,118,68,32,2,16,100,56,17.6,9.8,".234",".401",".316","0.717","60","107","9","0","0","3","80","1",".237",".407",".314",".319",".320",".171","70.6",11.7,13.2,10.9,36,29.6,"89.7","22.6",38,9.4,40.5,"99.545761182","94.110815049",20.6,46.2
"Semien, Marcus",543760,2025,34,470,534,108,76,16,1,15,93,50,17.4,9.4,".230",".364",".305","0.669","62","117","8","0","0","9","62","2",".243",".395",".295",".318",".321",".153","68.4",5.3,11.9,9.4,36.2,28.6,"88.3","19.4",26,6.8,35,"98.284177358","93.274231455",22.6,49
"Canario, Alexander",672744,2025,25,216,234,47,34,6,1,6,80,17,34.2,7.3,".218",".338",".274","0.612","20","55","5","0","0","1","25","0",".219",".407",".270",".295",".275",".188","76",59.1,14.9,9.3,25.7,16.1,"87.4","10.5",17,12.4,43.8,"101.464192464","94.871333139",39,53.4
"France, Ty",664034,2025,30,444,490,114,82,25,0,7,83,22,16.9,4.5,".257",".360",".320","0.680","52","111","11","1","0","3","50","2",".259",".425",".302",".328",".325",".166","71",14.7,15.8,12.7,34,27.5,"89.5","10.5",28,7.7,44.2,"100.76941467","94.788930523",21.3,51.8
"Chisholm Jr., Jazz",665862,2025,27,462,531,112,65,15,1,31,148,58,27.9,10.9,".242",".481",".332","0.813","80","125","3","1","1","4","75","0",".234",".481",".349",".346",".325",".247","73.9",41.9,16.3,11.2,29.6,20.4,"89","15.8",48,15,43.3,"100.93875057","94.67092819",32.2,47.1
"Hoskins, Rhys",656555,2025,32,279,328,66,41,12,1,12,91,38,27.7,11.6,".237",".416",".332","0.748","43","73","6","2","0","6","30","0",".220",".389",".324",".314",".322",".169","71",15.2,13.2,9.9,33.2,24.9,"90.2","22.1",20,10.3,46.4,"100.047500722","94.368500412",27.6,40.4
"Nootbaar, Lars",663457,2025,27,509,583,119,81,24,1,13,119,64,20.4,11,".234",".361",".325","0.686","48","132","4","3","1","3","68","0",".231",".400",".304",".317",".323",".169","73.4",37.8,19.4,15.6,36,29,"91.3","16.5",40,10.2,50,"101.938818418","95.520290383",20.9,39.4
"Keith, Colt",690993,2025,23,414,468,106,69,22,2,13,102,48,21.8,10.3,".256",".413",".333","0.746","45","87","7","1","0","4","65","0",".257",".444",".326",".341",".337",".187","70.7",10,15.2,12,35.6,28.1,"90","13.3",29,9.2,43.7,"100.641926329","94.686217184",22.5,44.9
"Soto, Juan",665742,2025,26,577,715,152,88,20,1,43,137,127,19.2,17.8,".263",".525",".396","0.921","105","143","17","13","1","6","120","0",".288",".608",".390",".429",".417",".321","73.6",40.9,26.3,21.6,39.6,32.5,"93.8","12",81,18.2,55.3,"104.539509412","97.232619389",22.4,35.5